latitude,longitude,brightness,scan,track,acq_date,acq_time,satellite,confidence,version,bright_t31,frp,daynight
39.884,-78.246,300.3,1.4,1.2,2020-09-26,0255,T,24,6.0NRT,284,10.4,N
18.639,-96.216,308,1.4,1.2,2020-09-26,0425,T,73,6.0NRT,291.3,10.4,N
40.595,-105.702,303.1,1.9,1.4,2020-09-26,0435,T,53,6.0NRT,278.5,23.4,N
40.696,-105.729,322.6,1.9,1.3,2020-09-26,0435,T,77,6.0NRT,283.9,54.7,N
40.705,-105.718,321.3,1.9,1.3,2020-09-26,0435,T,39,6.0NRT,282.8,49.1,N
40.7,-105.737,337.1,1.9,1.3,2020-09-26,0435,T,100,6.0NRT,283.8,102.3,N
40.729,-105.722,310.1,1.9,1.3,2020-09-26,0435,T,38,6.0NRT,276.6,26.7,N
40.661,-106.777,311.9,2.2,1.4,2020-09-26,0435,T,75,6.0NRT,276.3,43.7,N
40.66,-106.784,313,2.2,1.4,2020-09-26,0435,T,86,6.0NRT,277.5,47.6,N
41.077,-106.296,315.3,2,1.4,2020-09-26,0435,T,33,6.0NRT,271.1,37.1,N
41.089,-106.299,345.8,2,1.4,2020-09-26,0435,T,100,6.0NRT,273,149.3,N
41.084,-106.323,327.3,2,1.4,2020-09-26,0435,T,92,6.0NRT,275.2,70.4,N
41.135,-106.143,444.8,2,1.4,2020-09-26,0435,T,100,6.0NRT,277.6,0,N
41.13,-106.167,450.7,2,1.4,2020-09-26,0435,T,100,6.0NRT,284.6,0,N
41.125,-106.19,417.5,2,1.4,2020-09-26,0435,T,100,6.0NRT,273.9,1020,N
41.106,-106.28,388.4,2,1.4,2020-09-26,0435,T,100,6.0NRT,278,524.4,N
41.101,-106.303,395.7,2,1.4,2020-09-26,0435,T,100,6.0NRT,281.9,627.3,N
41.096,-106.327,374.8,2,1.4,2020-09-26,0435,T,100,6.0NRT,278.4,367.6,N
41.091,-106.35,407.3,2,1.4,2020-09-26,0435,T,100,6.0NRT,288.8,836.5,N
41.086,-106.372,347.2,2,1.4,2020-09-26,0435,T,100,6.0NRT,280.7,157.9,N
41.147,-106.148,359.4,2,1.4,2020-09-26,0435,T,100,6.0NRT,267.8,0,N
41.142,-106.171,386,2,1.4,2020-09-26,0435,T,100,6.0NRT,273.1,0,N
41.137,-106.194,393,2,1.4,2020-09-26,0435,T,100,6.0NRT,273.7,582.7,N
41.103,-106.355,368.9,2,1.4,2020-09-26,0435,T,100,6.0NRT,276.9,311,N
41.098,-106.377,430.9,2,1.4,2020-09-26,0435,T,100,6.0NRT,298.1,1385.3,N
41.093,-106.402,342.3,2,1.4,2020-09-26,0435,T,78,6.0NRT,283.2,132,N
41.149,-106.198,383.7,2,1.4,2020-09-26,0435,T,100,6.0NRT,272.2,0,N
41.144,-106.222,393.7,2,1.4,2020-09-26,0435,T,100,6.0NRT,277.4,594.8,N
41.115,-106.36,323.1,2,1.4,2020-09-26,0435,T,0,6.0NRT,272.2,50.3,N
41.11,-106.383,353.5,2,1.4,2020-09-26,0435,T,81,6.0NRT,280.3,188.2,N
41.105,-106.408,346.6,2,1.4,2020-09-26,0435,T,57,6.0NRT,284.1,152.2,N
41.15,-106.156,341,2,1.4,2020-09-26,0435,T,100,6.0NRT,267.1,0,N
41.145,-106.179,369.6,2,1.4,2020-09-26,0435,T,100,6.0NRT,271.7,0,N
41.141,-106.201,387.8,2,1.4,2020-09-26,0435,T,100,6.0NRT,279.5,0,N
41.11,-106.338,334.5,2,1.4,2020-09-26,0435,T,95,6.0NRT,268.4,84.1,N
41.105,-106.363,372.4,2,1.4,2020-09-26,0435,T,100,6.0NRT,281,341.8,N
41.1,-106.385,411,2,1.4,2020-09-26,0435,T,100,6.0NRT,296.9,912.1,N
41.117,-106.368,318.2,2,1.4,2020-09-26,0435,T,30,6.0NRT,272.1,30.3,N
41.112,-106.391,344.3,2,1.4,2020-09-26,0435,T,64,6.0NRT,278.5,136.4,N
41.106,-106.415,327.9,2,1.4,2020-09-26,0435,T,0,6.0NRT,281.9,70.1,N
41.196,-106.423,302.6,2,1.4,2020-09-26,0435,T,27,6.0NRT,272.2,20.6,N
41.213,-106.403,339.6,2,1.4,2020-09-26,0435,T,100,6.0NRT,272.7,127,N
41.208,-106.427,303.4,2,1.4,2020-09-26,0435,T,38,6.0NRT,273.5,22.1,N
41.198,-106.43,305.5,2,1.4,2020-09-26,0435,T,64,6.0NRT,273,27.6,N
41.215,-106.409,340.4,2,1.4,2020-09-26,0435,T,100,6.0NRT,273.9,130.1,N
26.126,-94.895,309.8,1,1,2020-09-26,0430,T,68,6.0NRT,298.3,5.6,N
31.598,-96.19,321.8,1,1,2020-09-26,0430,T,100,6.0NRT,291.4,20.8,N
34.32,-96.3,335.5,1,1,2020-09-26,0430,T,100,6.0NRT,291,37.1,N
34.318,-96.311,330.2,1,1,2020-09-26,0430,T,100,6.0NRT,291,29.8,N
34.68,-94.797,302.9,1.1,1,2020-09-26,0430,T,52,6.0NRT,289.4,6.4,N
37.193,-97.485,309.5,1,1,2020-09-26,0430,T,77,6.0NRT,292.1,9.2,N
37.202,-97.487,302.2,1,1,2020-09-26,0430,T,28,6.0NRT,291.9,4.4,N
38.695,-90.136,300.8,2,1.4,2020-09-26,0430,T,34,6.0NRT,290.2,13.9,N
39.137,-96.767,306.5,1,1,2020-09-26,0430,T,68,6.0NRT,293.7,6.4,N
40.688,-91.228,301.4,1.8,1.3,2020-09-26,0430,T,41,6.0NRT,287.9,13.8,N
33.887,-111.775,313.7,2.8,1.6,2020-09-26,0610,T,88,6.0NRT,294.2,47.6,N
33.899,-111.807,311.1,2.8,1.6,2020-09-26,0610,T,51,6.0NRT,295.1,36.1,N
33.915,-111.781,312.4,2.8,1.6,2020-09-26,0610,T,85,6.0NRT,294.6,41.8,N
33.913,-111.81,305,2.8,1.6,2020-09-26,0610,T,4,6.0NRT,293.6,18.6,N
33.889,-111.781,309.4,2.8,1.6,2020-09-26,0610,T,71,6.0NRT,294.1,32.7,N
33.902,-111.813,311.1,2.8,1.6,2020-09-26,0610,T,51,6.0NRT,294.9,36.4,N
33.918,-111.787,310.8,2.8,1.6,2020-09-26,0610,T,76,6.0NRT,294.3,37,N
34.116,-116.946,300.8,1.3,1.1,2020-09-26,0610,T,33,6.0NRT,287,9.5,N
34.26,-118.087,305.8,1.2,1.1,2020-09-26,0610,T,66,6.0NRT,289.8,9.5,N
36.103,-118.588,306.4,1.2,1.1,2020-09-26,0610,T,68,6.0NRT,285.2,11.9,N
36.102,-118.601,302,1.2,1.1,2020-09-26,0610,T,46,6.0NRT,285.3,8.4,N
36.305,-118.676,312.3,1.2,1.1,2020-09-26,0610,T,80,6.0NRT,285.5,15.7,N
36.304,-118.688,313.2,1.2,1.1,2020-09-26,0610,T,69,6.0NRT,286.4,16,N
36.305,-118.765,313.8,1.2,1.1,2020-09-26,0610,T,68,6.0NRT,288.1,15.5,N
36.314,-118.767,343.6,1.2,1.1,2020-09-26,0610,T,100,6.0NRT,290.4,61.5,N
36.321,-118.792,312.3,1.2,1.1,2020-09-26,0610,T,36,6.0NRT,287.7,13.5,N
36.333,-118.724,307.3,1.2,1.1,2020-09-26,0610,T,17,6.0NRT,287.1,10.6,N
36.325,-118.786,307.5,1.2,1.1,2020-09-26,0610,T,72,6.0NRT,287.3,11.4,N
36.341,-118.737,307.6,1.2,1.1,2020-09-26,0610,T,34,6.0NRT,287.3,10.9,N
36.409,-118.407,310.5,1.2,1.1,2020-09-26,0610,T,80,6.0NRT,286.6,16.5,N
36.407,-118.422,301.8,1.2,1.1,2020-09-26,0610,T,44,6.0NRT,284.1,9.3,N
36.46,-118.409,306.7,1.2,1.1,2020-09-26,0610,T,69,6.0NRT,286.6,12.8,N
36.471,-118.399,302.7,1.2,1.1,2020-09-26,0610,T,35,6.0NRT,286.1,9.5,N
36.47,-118.412,319.9,1.2,1.1,2020-09-26,0610,T,99,6.0NRT,286.3,26.1,N
37.172,-119.172,300.4,1.1,1.1,2020-09-26,0610,T,28,6.0NRT,283.2,8.3,N
37.209,-119.222,312.9,1.1,1.1,2020-09-26,0610,T,86,6.0NRT,286.2,16.7,N
37.208,-119.233,302.8,1.1,1.1,2020-09-26,0610,T,34,6.0NRT,286.6,8.6,N
37.218,-119.224,302.2,1.1,1.1,2020-09-26,0610,T,46,6.0NRT,282.5,8.2,N
37.24,-119.126,301.8,1.1,1.1,2020-09-26,0610,T,45,6.0NRT,283,9.1,N
37.268,-119.209,301.8,1.1,1.1,2020-09-26,0610,T,45,6.0NRT,283.3,8.4,N
37.273,-119.249,301.5,1.1,1.1,2020-09-26,0610,T,42,6.0NRT,284.2,8.4,N
37.265,-119.442,339.6,1.1,1.1,2020-09-26,0610,T,100,6.0NRT,290.7,50.8,N
37.263,-119.454,321.2,1.1,1.1,2020-09-26,0610,T,100,6.0NRT,286.9,22.4,N
37.32,-119.055,309.6,1.2,1.1,2020-09-26,0610,T,78,6.0NRT,284.6,14.6,N
37.319,-119.068,306.5,1.1,1.1,2020-09-26,0610,T,55,6.0NRT,285,11.5,N
37.274,-119.444,320.2,1.1,1.1,2020-09-26,0610,T,64,6.0NRT,289.4,21.7,N
37.328,-119.069,323,1.1,1.1,2020-09-26,0610,T,53,6.0NRT,287.8,26.2,N
37.327,-119.083,335.7,1.1,1.1,2020-09-26,0610,T,85,6.0NRT,289.9,45.3,N
37.325,-119.096,323.1,1.1,1.1,2020-09-26,0610,T,60,6.0NRT,287.6,26.2,N
37.324,-119.109,327,1.1,1.1,2020-09-26,0610,T,97,6.0NRT,287.6,32.2,N
37.283,-119.446,335.9,1.1,1.1,2020-09-26,0610,T,100,6.0NRT,291.5,45.1,N
37.336,-119.084,321.4,1.1,1.1,2020-09-26,0610,T,38,6.0NRT,287,23.5,N
37.293,-119.448,314.7,1.1,1.1,2020-09-26,0610,T,79,6.0NRT,287.2,16.7,N
37.335,-119.176,312.4,1.1,1.1,2020-09-26,0610,T,56,6.0NRT,284.9,15.8,N
37.345,-119.177,328.1,1.1,1.1,2020-09-26,0610,T,98,6.0NRT,287.3,33.2,N
37.343,-119.19,325.4,1.1,1.1,2020-09-26,0610,T,70,6.0NRT,287.9,29.1,N
37.342,-119.202,310.5,1.1,1.1,2020-09-26,0610,T,29,6.0NRT,285.5,13.4,N
37.362,-119.114,300.7,1.1,1.1,2020-09-26,0610,T,4,6.0NRT,283.9,6.8,N
37.355,-119.167,317.8,1.1,1.1,2020-09-26,0610,T,68,6.0NRT,285.8,20.1,N
37.35,-119.215,305,1.1,1.1,2020-09-26,0610,T,63,6.0NRT,284.8,10.7,N
37.365,-119.168,319.1,1.1,1.1,2020-09-26,0610,T,98,6.0NRT,286.4,22.4,N
37.422,-119.455,301.4,1.1,1.1,2020-09-26,0610,T,9,6.0NRT,284.6,6.9,N
37.439,-119.439,301.2,1.1,1.1,2020-09-26,0610,T,35,6.0NRT,283.8,7.7,N
37.437,-119.451,300.1,1.1,1.1,2020-09-26,0610,T,7,6.0NRT,284.6,6.9,N
37.508,-119.337,303.3,1.1,1.1,2020-09-26,0610,T,20,6.0NRT,285.1,8.1,N
37.519,-119.327,320.6,1.1,1.1,2020-09-26,0610,T,100,6.0NRT,287.4,23.7,N
37.518,-119.34,315,1.1,1.1,2020-09-26,0610,T,90,6.0NRT,285.4,17.7,N
37.54,-119.318,313.8,1.1,1.1,2020-09-26,0610,T,37,6.0NRT,284.9,16.5,N
37.545,-119.312,304.9,1.1,1.1,2020-09-26,0610,T,21,6.0NRT,284.2,9.9,N
37.544,-119.325,303.7,1.1,1.1,2020-09-26,0610,T,37,6.0NRT,283.1,9.4,N
37.59,-119.256,302.5,1.1,1.1,2020-09-26,0610,T,45,6.0NRT,282,8.7,N
37.589,-119.269,307.9,1.1,1.1,2020-09-26,0610,T,45,6.0NRT,282.2,12.1,N
37.853,-119.597,304.4,1.1,1.1,2020-09-26,0610,T,60,6.0NRT,283.8,10,N
39.845,-121.269,300.9,1,1,2020-09-26,0610,T,24,6.0NRT,285.8,6,N
39.872,-121.269,309.8,1,1,2020-09-26,0610,T,51,6.0NRT,287.2,11,N
39.882,-121.258,307.6,1,1,2020-09-26,0610,T,25,6.0NRT,286.3,9.5,N
39.881,-121.27,318.5,1,1,2020-09-26,0610,T,97,6.0NRT,288,18.4,N
39.627,-123.105,305.7,1,1,2020-09-26,0610,T,65,6.0NRT,275.6,10.1,N
40.046,-122.887,336.1,1,1,2020-09-26,0610,T,100,6.0NRT,275.5,39.3,N
40.045,-122.899,372.6,1,1,2020-09-26,0610,T,100,6.0NRT,281.1,126.8,N
40.043,-122.91,325.4,1,1,2020-09-26,0610,T,100,6.0NRT,277.2,25.1,N
40.055,-122.889,312.6,1,1,2020-09-26,0610,T,49,6.0NRT,273.6,13.3,N
40.054,-122.901,345.1,1,1,2020-09-26,0610,T,100,6.0NRT,275.8,53.2,N
40.052,-122.912,328.6,1,1,2020-09-26,0610,T,92,6.0NRT,275.7,27.7,N
33.013,-79.881,309.7,1,1,2020-09-26,0710,A,78,6.0NRT,292.4,9.1,N
41.219,-106.408,321.3,1.5,1.2,2020-09-26,0845,A,100,6.0NRT,280.8,40.4,N
41.217,-106.39,314.7,1.5,1.2,2020-09-26,0845,A,81,6.0NRT,281.2,29,N
41.164,-106.21,401.9,1.5,1.2,2020-09-26,0845,A,100,6.0NRT,294.5,462.3,N
41.162,-106.193,420.6,1.5,1.2,2020-09-26,0845,A,100,6.0NRT,302.6,695.4,N
41.16,-106.175,380.9,1.5,1.2,2020-09-26,0845,A,100,6.0NRT,288.9,271,N
41.159,-106.264,338.3,1.5,1.2,2020-09-26,0845,A,100,6.0NRT,286.7,69.8,N
41.157,-106.247,359.7,1.5,1.2,2020-09-26,0845,A,100,6.0NRT,290.6,147.6,N
41.155,-106.229,328.7,1.5,1.2,2020-09-26,0845,A,47,6.0NRT,285.6,43.2,N
41.153,-106.212,500.7,1.5,1.2,2020-09-26,0845,A,100,6.0NRT,339.5,2837.8,N
41.152,-106.195,500.8,1.5,1.2,2020-09-26,0845,A,100,6.0NRT,400.1,2828.5,N
41.15,-106.177,438.6,1.5,1.2,2020-09-26,0845,A,100,6.0NRT,314.7,996.9,N
41.148,-106.16,354.7,1.5,1.2,2020-09-26,0845,A,100,6.0NRT,291.1,122.6,N
41.146,-106.142,400.8,1.5,1.2,2020-09-26,0845,A,100,6.0NRT,305.2,444.3,N
41.145,-106.125,409,1.4,1.2,2020-09-26,0845,A,100,6.0NRT,314.9,535.5,N
41.143,-106.109,382.5,1.4,1.2,2020-09-26,0845,A,100,6.0NRT,307.6,282.8,N
41.141,-106.092,395.7,1.4,1.2,2020-09-26,0845,A,100,6.0NRT,303.4,393.7,N
41.14,-106.076,323.4,1.4,1.2,2020-09-26,0845,A,100,6.0NRT,285.7,39.6,N
41.148,-106.266,332,1.5,1.2,2020-09-26,0845,A,80,6.0NRT,285.1,50.3,N
41.146,-106.249,362.9,1.5,1.2,2020-09-26,0845,A,100,6.0NRT,292,159.3,N
41.144,-106.231,346.9,1.5,1.2,2020-09-26,0845,A,100,6.0NRT,290.5,92.7,N
41.143,-106.214,342.7,1.5,1.2,2020-09-26,0845,A,100,6.0NRT,289.5,78.5,N
41.141,-106.196,345.9,1.5,1.2,2020-09-26,0845,A,100,6.0NRT,289.5,88.4,N
41.139,-106.179,339.6,1.5,1.2,2020-09-26,0845,A,100,6.0NRT,290.3,68.8,N
41.137,-106.162,342.5,1.5,1.2,2020-09-26,0845,A,100,6.0NRT,292.6,78.6,N
41.136,-106.144,366.5,1.5,1.2,2020-09-26,0845,A,100,6.0NRT,304.8,179.7,N
41.134,-106.127,373.3,1.4,1.2,2020-09-26,0845,A,100,6.0NRT,308.6,219.8,N
41.132,-106.111,373,1.4,1.2,2020-09-26,0845,A,100,6.0NRT,297.7,217.2,N
41.131,-106.094,355.4,1.4,1.2,2020-09-26,0845,A,100,6.0NRT,289.7,130,N
41.13,-106.199,325.1,1.5,1.2,2020-09-26,0845,A,46,6.0NRT,288.4,37,N
41.129,-106.181,344.6,1.5,1.2,2020-09-26,0845,A,100,6.0NRT,291.9,87.3,N
41.127,-106.164,382.8,1.5,1.2,2020-09-26,0845,A,100,6.0NRT,300.3,285.9,N
41.125,-106.146,399.6,1.5,1.2,2020-09-26,0845,A,100,6.0NRT,304.2,431.8,N
41.123,-106.13,404.3,1.4,1.2,2020-09-26,0845,A,100,6.0NRT,301.7,482.8,N
41.122,-106.113,355.7,1.4,1.2,2020-09-26,0845,A,100,6.0NRT,288.8,129.6,N
41.121,-106.218,351.6,1.5,1.2,2020-09-26,0845,A,100,6.0NRT,291.7,110.2,N
41.12,-106.2,360.4,1.5,1.2,2020-09-26,0845,A,100,6.0NRT,296.7,149.3,N
41.118,-106.183,372.4,1.5,1.2,2020-09-26,0845,A,100,6.0NRT,302.7,216.1,N
41.116,-106.166,403.3,1.5,1.2,2020-09-26,0845,A,100,6.0NRT,309.3,474.3,N
41.114,-106.149,490.9,1.5,1.2,2020-09-26,0845,A,100,6.0NRT,333.1,2428.6,N
41.113,-106.132,431.9,1.4,1.2,2020-09-26,0845,A,100,6.0NRT,306.5,868.9,N
41.116,-106.271,320.6,1.5,1.2,2020-09-26,0845,A,75,6.0NRT,286.8,22.8,N
41.114,-106.255,328.9,1.5,1.2,2020-09-26,0845,A,100,6.0NRT,289.7,38.2,N
41.112,-106.237,355.6,1.5,1.2,2020-09-26,0845,A,100,6.0NRT,294.3,124.8,N
41.111,-106.219,437.6,1.5,1.2,2020-09-26,0845,A,100,6.0NRT,316.2,981,N
41.109,-106.202,450.4,1.5,1.2,2020-09-26,0845,A,100,6.0NRT,324,1248.8,N
41.107,-106.184,393.8,1.5,1.2,2020-09-26,0845,A,100,6.0NRT,309.9,380.5,N
41.106,-106.167,379.4,1.5,1.2,2020-09-26,0845,A,100,6.0NRT,303.1,262.5,N
41.104,-106.15,352.3,1.5,1.2,2020-09-26,0845,A,100,6.0NRT,289.3,117.8,N
41.102,-106.133,305.8,1.4,1.2,2020-09-26,0845,A,34,6.0NRT,281.4,13.4,N
41.107,-106.29,367.1,1.5,1.2,2020-09-26,0845,A,100,6.0NRT,294.3,182.3,N
41.105,-106.273,428.2,1.5,1.2,2020-09-26,0845,A,100,6.0NRT,307.9,818.6,N
41.103,-106.256,401,1.5,1.2,2020-09-26,0845,A,100,6.0NRT,303.9,450.7,N
41.102,-106.239,379.5,1.5,1.2,2020-09-26,0845,A,100,6.0NRT,303.9,262.9,N
41.1,-106.221,397.4,1.5,1.2,2020-09-26,0845,A,100,6.0NRT,310,416.1,N
41.098,-106.203,381.7,1.5,1.2,2020-09-26,0845,A,100,6.0NRT,298.2,281.9,N
41.097,-106.186,312.8,1.5,1.2,2020-09-26,0845,A,86,6.0NRT,281.7,22.7,N
41.106,-106.399,309.7,1.5,1.2,2020-09-26,0845,A,67,6.0NRT,282.6,21,N
41.104,-106.381,364.5,1.5,1.2,2020-09-26,0845,A,100,6.0NRT,291,180.6,N
41.103,-106.364,384.3,1.5,1.2,2020-09-26,0845,A,100,6.0NRT,298.7,309.2,N
41.101,-106.346,337.8,1.5,1.2,2020-09-26,0845,A,99,6.0NRT,289.6,69.5,N
41.098,-106.31,357.1,1.5,1.2,2020-09-26,0845,A,100,6.0NRT,294.9,136.1,N
41.096,-106.292,397.4,1.5,1.2,2020-09-26,0845,A,100,6.0NRT,302.7,417.9,N
41.094,-106.275,355.1,1.5,1.2,2020-09-26,0845,A,100,6.0NRT,289.1,128.2,N
41.114,-106.404,304.1,1.5,1.2,2020-09-26,0845,A,17,6.0NRT,280.8,14,N
41.112,-106.386,313.6,1.5,1.2,2020-09-26,0845,A,52,6.0NRT,283.1,23.9,N
41.103,-106.296,366.4,1.5,1.2,2020-09-26,0845,A,100,6.0NRT,296.6,182.6,N
41.101,-106.279,408.3,1.5,1.2,2020-09-26,0845,A,100,6.0NRT,308,537.6,N
41.099,-106.263,394.2,1.5,1.2,2020-09-26,0845,A,100,6.0NRT,303.5,389.6,N
41.097,-106.245,354,1.5,1.2,2020-09-26,0845,A,100,6.0NRT,294.3,127.6,N
41.096,-106.227,342.3,1.5,1.2,2020-09-26,0845,A,100,6.0NRT,293.3,85.7,N
41.094,-106.21,314.4,1.5,1.2,2020-09-26,0845,A,89,6.0NRT,285.4,25.6,N
41.101,-106.387,338.7,1.5,1.2,2020-09-26,0845,A,100,6.0NRT,284.4,76.5,N
41.099,-106.369,388.4,1.5,1.2,2020-09-26,0845,A,100,6.0NRT,298.4,344.3,N
41.097,-106.353,387.3,1.5,1.2,2020-09-26,0845,A,100,6.0NRT,300.2,331,N
41.096,-106.335,345.6,1.5,1.2,2020-09-26,0845,A,100,6.0NRT,288.5,94.1,N
41.094,-106.317,341.1,1.5,1.2,2020-09-26,0845,A,97,6.0NRT,288.7,80,N
41.092,-106.299,365.2,1.5,1.2,2020-09-26,0845,A,100,6.0NRT,294.9,180.1,N
41.09,-106.282,327.1,1.5,1.2,2020-09-26,0845,A,68,6.0NRT,285.5,46.3,N
41.085,-106.336,340.3,1.5,1.2,2020-09-26,0845,A,100,6.0NRT,283.6,81.6,N
40.736,-105.604,314.6,1.3,1.1,2020-09-26,0845,A,51,6.0NRT,272.6,22.6,N
40.726,-105.606,314.8,1.3,1.1,2020-09-26,0845,A,63,6.0NRT,271.8,22.8,N
40.722,-105.669,315.8,1.4,1.2,2020-09-26,0845,A,62,6.0NRT,278.2,22,N
40.708,-105.74,303.3,1.4,1.2,2020-09-26,0845,A,36,6.0NRT,281.4,12.4,N
40.707,-105.724,314.9,1.4,1.2,2020-09-26,0845,A,90,6.0NRT,285,24.4,N
40.618,-106.767,305.4,1.5,1.2,2020-09-26,0845,A,64,6.0NRT,280.3,19.2,N
40.616,-106.749,306.8,1.5,1.2,2020-09-26,0845,A,69,6.0NRT,280.9,20.9,N
40.614,-106.73,311.3,1.5,1.2,2020-09-26,0845,A,82,6.0NRT,281.6,26.4,N
33.917,-111.791,308.7,2.6,1.6,2020-09-26,0850,A,42,6.0NRT,292.6,30.7,N
33.887,-111.768,307.1,2.6,1.6,2020-09-26,0850,A,53,6.0NRT,292.2,27.2,N
33.881,-111.749,305,2.6,1.5,2020-09-26,0850,A,63,6.0NRT,292.3,23.3,N
31.366,-101.768,302.4,1.1,1,2020-09-26,0850,A,49,6.0NRT,291.3,6.5,N
30.5,-109.618,307,1.7,1.3,2020-09-26,0850,A,70,6.0NRT,288.8,18.7,N
40.375,-123.268,303.6,1.1,1,2020-09-26,1025,A,30,6.0NRT,283.7,8.4,N
40.34,-123.291,316.8,1.1,1,2020-09-26,1025,A,92,6.0NRT,287.1,18.9,N
40.314,-123.14,308.7,1.1,1.1,2020-09-26,1025,A,59,6.0NRT,283.6,12.1,N
39.882,-121.265,301.7,1.4,1.2,2020-09-26,1025,A,44,6.0NRT,285.3,10.4,N
40.093,-123.108,300.6,1.1,1.1,2020-09-26,1025,A,30,6.0NRT,281.9,8.1,N
40.059,-122.913,309.9,1.1,1.1,2020-09-26,1025,A,59,6.0NRT,283.5,13.6,N
40.057,-122.901,336.5,1.1,1.1,2020-09-26,1025,A,100,6.0NRT,284.6,48.5,N
40.055,-122.887,343.2,1.2,1.1,2020-09-26,1025,A,100,6.0NRT,285.4,61.8,N
40.053,-122.907,316.3,1.1,1.1,2020-09-26,1025,A,93,6.0NRT,284.1,20.4,N
40.051,-122.895,344,1.2,1.1,2020-09-26,1025,A,100,6.0NRT,287.5,64.4,N
40.049,-122.881,316.5,1.2,1.1,2020-09-26,1025,A,93,6.0NRT,283.7,20.6,N
40.042,-122.898,300.2,1.2,1.1,2020-09-26,1025,A,21,6.0NRT,281.1,7.5,N
40.059,-123.11,307.9,1.1,1.1,2020-09-26,1025,A,69,6.0NRT,283.4,12,N
37.368,-119.158,301.1,2.1,1.4,2020-09-26,1025,A,13,6.0NRT,285.3,17.4,N
37.347,-119.193,301.6,2,1.4,2020-09-26,1025,A,17,6.0NRT,284.9,18.4,N
37.343,-119.173,305.2,2.1,1.4,2020-09-26,1025,A,42,6.0NRT,285.6,24.1,N
37.324,-119.083,302.1,2.1,1.4,2020-09-26,1025,A,18,6.0NRT,285,19.5,N
36.327,-118.76,302.2,2.3,1.5,2020-09-26,1025,A,20,6.0NRT,286.3,19.4,N
36.311,-118.672,301.1,2.3,1.5,2020-09-26,1025,A,38,6.0NRT,286.1,21.8,N
36.318,-118.769,310.8,2.3,1.5,2020-09-26,1025,A,81,6.0NRT,286.6,39.6,N
36.314,-118.749,302.3,2.3,1.5,2020-09-26,1025,A,35,6.0NRT,286.4,20.3,N
18.925,-70.35,324,1.8,1.3,2020-09-26,1500,T,77,6.0NRT,298.5,32.2,D
41.057,-80.494,305.2,1.2,1.1,2020-09-26,1630,T,44,6.0NRT,291.8,4.8,D
38.689,-90.137,314.1,1.6,1.2,2020-09-26,1630,T,0,6.0NRT,301.6,10.7,D
37.73,-91.636,310.1,1.9,1.3,2020-09-26,1635,T,62,6.0NRT,296.7,16,D
32.468,-85.48,311.5,1,1,2020-09-26,1635,T,63,6.0NRT,298,6.6,D
32.466,-85.469,314.4,1,1,2020-09-26,1635,T,68,6.0NRT,297.6,8.9,D
32.128,-87.777,307.6,1,1,2020-09-26,1635,T,43,6.0NRT,294.2,3.6,D
32.127,-87.767,309.2,1,1,2020-09-26,1635,T,57,6.0NRT,293.9,4.9,D
31.334,-82.747,312.4,1.3,1.1,2020-09-26,1635,T,60,6.0NRT,293.9,11.9,D
31.663,-86.078,312.4,1,1,2020-09-26,1635,T,64,6.0NRT,296.9,6.6,D
31.661,-86.067,310.9,1,1,2020-09-26,1635,T,60,6.0NRT,295.7,5.2,D
30.135,-83.144,312.6,1.3,1.1,2020-09-26,1635,T,56,6.0NRT,296.1,7.9,D
28.843,-81.55,316.3,1.7,1.3,2020-09-26,1635,T,60,6.0NRT,296.9,13.5,D
28.359,-80.742,310.8,2,1.4,2020-09-26,1635,T,0,6.0NRT,293.5,21.2,D
26.875,-81.171,311.3,2,1.4,2020-09-26,1635,T,32,6.0NRT,293.3,15.7,D
26.703,-81.307,316,2,1.4,2020-09-26,1635,T,41,6.0NRT,295.6,21,D
26.687,-81.229,315.4,2,1.4,2020-09-26,1635,T,57,6.0NRT,295.6,22.8,D
18.522,-68.49,335.7,1.1,1.1,2020-09-26,1805,A,87,6.0NRT,300.8,34.1,D
18.922,-70.351,329,1,1,2020-09-26,1805,A,81,6.0NRT,301.4,18.6,D
18.92,-70.36,324.7,1,1,2020-09-26,1805,A,77,6.0NRT,300.7,13.8,D
19.616,-70.973,330.2,1,1,2020-09-26,1805,A,78,6.0NRT,303.1,17,D
19.688,-70.53,323.8,1,1,2020-09-26,1805,A,58,6.0NRT,304.5,10.1,D
19.698,-70.522,323.4,1,1,2020-09-26,1805,A,57,6.0NRT,301.3,10.1,D
19.697,-70.531,330.8,1,1,2020-09-26,1805,A,79,6.0NRT,301.6,18.7,D
33.731,-109.731,326.6,1,1,2020-09-26,1815,T,74,6.0NRT,303.2,18.3,D
33.722,-109.733,325.7,1,1,2020-09-26,1815,T,73,6.0NRT,302.9,17.3,D
33.537,-109.092,320.6,1.1,1,2020-09-26,1815,T,37,6.0NRT,302.4,11.1,D
33.93,-111.781,351.3,1,1,2020-09-26,1815,T,94,6.0NRT,312.3,49.5,D
33.528,-109.094,323.9,1.1,1,2020-09-26,1815,T,69,6.0NRT,303.2,15.1,D
33.526,-109.083,322.9,1.1,1,2020-09-26,1815,T,66,6.0NRT,302,14.4,D
33.924,-111.805,364.5,1,1,2020-09-26,1815,T,100,6.0NRT,314.2,83.4,D
33.923,-111.793,363.2,1,1,2020-09-26,1815,T,100,6.0NRT,314.6,78.5,D
33.921,-111.783,360.8,1,1,2020-09-26,1815,T,100,6.0NRT,315.7,70.5,D
33.916,-111.812,362,1,1,2020-09-26,1815,T,100,6.0NRT,317.7,75.4,D
33.915,-111.801,347.7,1,1,2020-09-26,1815,T,92,6.0NRT,315.6,38.6,D
33.907,-111.814,354.1,1,1,2020-09-26,1815,T,96,6.0NRT,316.5,54.3,D
33.885,-111.785,342.1,1,1,2020-09-26,1815,T,85,6.0NRT,318.6,24.7,D
33.883,-111.774,333.8,1,1,2020-09-26,1815,T,33,6.0NRT,318.6,11.3,D
33.876,-111.787,336.2,1,1,2020-09-26,1815,T,63,6.0NRT,316.7,16.2,D
34.332,-117.945,320.5,2.1,1.4,2020-09-26,1815,T,53,6.0NRT,306.4,27.7,D
34.253,-118.082,324.8,2.2,1.4,2020-09-26,1815,T,50,6.0NRT,304.5,39.9,D
33.413,-110.868,329.7,1,1,2020-09-26,1815,T,67,6.0NRT,314.7,11.5,D
32.452,-114.847,349.7,1.3,1.1,2020-09-26,1815,T,93,6.0NRT,313.7,64.3,D
32.45,-114.833,331.2,1.3,1.1,2020-09-26,1815,T,69,6.0NRT,313,18.2,D
31.404,-108.107,336.1,1.2,1.1,2020-09-26,1815,T,64,6.0NRT,315.6,25.4,D
31.403,-108.114,331.9,1.2,1.1,2020-09-26,1815,T,47,6.0NRT,313.1,19.3,D
31.401,-108.101,327.9,1.2,1.1,2020-09-26,1815,T,35,6.0NRT,315.2,10,D
25.312,-108.184,319.3,1.5,1.2,2020-09-26,1815,T,26,6.0NRT,300.9,16.4,D
24.909,-107.755,317.6,1.6,1.3,2020-09-26,1815,T,21,6.0NRT,299.4,18.4,D
25.417,-111.776,331.1,1,1,2020-09-26,1815,T,66,6.0NRT,313.4,10.9,D
41.175,-106.153,326.5,1.1,1,2020-09-26,1810,T,35,6.0NRT,278.4,14.5,D
41.173,-106.14,340.1,1.1,1,2020-09-26,1810,T,90,6.0NRT,282,34.5,D
41.171,-106.128,349.2,1.1,1,2020-09-26,1810,T,95,6.0NRT,287.1,53.3,D
41.169,-106.115,357.9,1.1,1,2020-09-26,1810,T,93,6.0NRT,289,77,D
41.167,-106.102,335.1,1.1,1,2020-09-26,1810,T,82,6.0NRT,284.8,27.7,D
41.164,-106.089,333,1.1,1,2020-09-26,1810,T,80,6.0NRT,284.6,25.5,D
41.162,-106.077,351.5,1.1,1,2020-09-26,1810,T,90,6.0NRT,283.6,64,D
41.172,-106.193,325.9,1.1,1,2020-09-26,1810,T,50,6.0NRT,269.4,15.6,D
41.17,-106.181,347.5,1.1,1,2020-09-26,1810,T,94,6.0NRT,270.3,51.7,D
41.168,-106.169,375,1.1,1,2020-09-26,1810,T,100,6.0NRT,276.8,136.6,D
41.166,-106.156,393.5,1.1,1,2020-09-26,1810,T,100,6.0NRT,290.8,231.2,D
41.164,-106.143,471.5,1.1,1,2020-09-26,1810,T,100,6.0NRT,324.7,1149.8,D
41.162,-106.131,500,1.1,1,2020-09-26,1810,T,100,6.0NRT,340.6,1799.4,D
41.16,-106.118,500,1.1,1,2020-09-26,1810,T,87,6.0NRT,324.2,1802.1,D
41.165,-106.209,361.1,1.1,1,2020-09-26,1810,T,0,6.0NRT,270.8,88.6,D
41.163,-106.196,383.8,1.1,1,2020-09-26,1810,T,75,6.0NRT,278.2,179,D
41.161,-106.184,379.1,1.1,1,2020-09-26,1810,T,75,6.0NRT,273.5,155.4,D
41.157,-106.159,417.4,1.1,1,2020-09-26,1810,T,94,6.0NRT,296.6,409.2,D
41.14,-106.056,424,1.1,1,2020-09-26,1810,T,100,6.0NRT,305.8,475.1,D
41.144,-106.136,412.3,1.1,1,2020-09-26,1810,T,100,6.0NRT,311.5,369,D
41.141,-106.124,417.1,1.1,1,2020-09-26,1810,T,94,6.0NRT,314.5,409.7,D
41.139,-106.111,411.1,1.1,1,2020-09-26,1810,T,94,6.0NRT,306.4,358.5,D
41.137,-106.098,455.5,1.1,1,2020-09-26,1810,T,94,6.0NRT,321.8,879.8,D
41.135,-106.085,500,1.1,1,2020-09-26,1810,T,100,6.0NRT,340.8,1810.3,D
41.133,-106.072,500,1.1,1,2020-09-26,1810,T,100,6.0NRT,333,1814.9,D
41.131,-106.059,392.5,1.1,1,2020-09-26,1810,T,100,6.0NRT,293.3,227.1,D
41.143,-106.189,372.1,1.1,1,2020-09-26,1810,T,0,6.0NRT,277.8,130,D
41.141,-106.176,372.4,1.1,1,2020-09-26,1810,T,83,6.0NRT,282.1,130.4,D
41.139,-106.164,375.3,1.1,1,2020-09-26,1810,T,90,6.0NRT,288.2,142.4,D
41.136,-106.151,392.8,1.1,1,2020-09-26,1810,T,100,6.0NRT,295.7,230.5,D
41.132,-106.126,396.4,1.1,1,2020-09-26,1810,T,100,6.0NRT,306.8,252.1,D
41.13,-106.113,473.7,1.1,1,2020-09-26,1810,T,100,6.0NRT,333.6,1201,D
41.128,-106.1,453.9,1.1,1,2020-09-26,1810,T,100,6.0NRT,315.2,851.6,D
41.126,-106.088,384.9,1.1,1,2020-09-26,1810,T,100,6.0NRT,294.4,187,D
41.124,-106.075,351.8,1.1,1,2020-09-26,1810,T,92,6.0NRT,288.2,64.5,D
41.129,-106.166,345.4,1.1,1,2020-09-26,1810,T,72,6.0NRT,286,47.9,D
41.127,-106.154,348.9,1.1,1,2020-09-26,1810,T,63,6.0NRT,291.5,56,D
41.123,-106.128,364.3,1.1,1,2020-09-26,1810,T,86,6.0NRT,299.8,99.1,D
41.121,-106.116,379.7,1.1,1,2020-09-26,1810,T,100,6.0NRT,298.3,160.4,D
41.119,-106.103,387.7,1.1,1,2020-09-26,1810,T,100,6.0NRT,296.5,199.5,D
41.117,-106.09,407,1.1,1,2020-09-26,1810,T,100,6.0NRT,299.6,326.6,D
41.114,-106.077,431.7,1.1,1,2020-09-26,1810,T,100,6.0NRT,300.4,560.7,D
41.112,-106.065,384.8,1.1,1,2020-09-26,1810,T,94,6.0NRT,287.6,184.3,D
41.12,-106.169,372.4,1.1,1,2020-09-26,1810,T,100,6.0NRT,291.8,128.6,D
41.118,-106.156,425.2,1.1,1,2020-09-26,1810,T,100,6.0NRT,306.6,485.4,D
41.116,-106.144,478.6,1.1,1,2020-09-26,1810,T,100,6.0NRT,327.5,1295.3,D
41.114,-106.131,455.9,1.1,1,2020-09-26,1810,T,100,6.0NRT,331,882.3,D
41.112,-106.118,451.3,1.1,1,2020-09-26,1810,T,100,6.0NRT,332,812.2,D
41.11,-106.106,450.9,1.1,1,2020-09-26,1810,T,100,6.0NRT,321.2,808.5,D
41.107,-106.093,472.1,1.1,1,2020-09-26,1810,T,94,6.0NRT,315.9,1170.8,D
41.105,-106.08,485.6,1.1,1,2020-09-26,1810,T,87,6.0NRT,307.7,1456.6,D
41.103,-106.067,396.8,1.1,1,2020-09-26,1810,T,0,6.0NRT,281.5,254.2,D
41.109,-106.159,383.6,1.1,1,2020-09-26,1810,T,100,6.0NRT,297.8,180.1,D
41.107,-106.146,440.6,1.1,1,2020-09-26,1810,T,100,6.0NRT,320.3,663.4,D
41.105,-106.134,482.6,1.1,1,2020-09-26,1810,T,100,6.0NRT,335.3,1382.8,D
41.103,-106.121,500,1.1,1,2020-09-26,1810,T,100,6.0NRT,335.1,1805.8,D
41.1,-106.108,461.5,1.1,1,2020-09-26,1810,T,94,6.0NRT,302,976.8,D
41.098,-106.096,403.3,1.1,1,2020-09-26,1810,T,75,6.0NRT,280.7,296.9,D
41.112,-106.217,346.8,1.1,1,2020-09-26,1810,T,61,6.0NRT,290,54,D
41.11,-106.205,351.4,1.1,1,2020-09-26,1810,T,79,6.0NRT,292.1,62.4,D
41.108,-106.192,372.9,1.1,1,2020-09-26,1810,T,100,6.0NRT,297.2,131,D
41.106,-106.18,407.3,1.1,1,2020-09-26,1810,T,100,6.0NRT,305.9,324.6,D
41.104,-106.167,431.4,1.1,1,2020-09-26,1810,T,100,6.0NRT,310.4,549.2,D
41.101,-106.154,438.8,1.1,1,2020-09-26,1810,T,100,6.0NRT,311,637,D
41.099,-106.142,460.1,1.1,1,2020-09-26,1810,T,100,6.0NRT,317.4,947.5,D
41.097,-106.129,452.8,1.1,1,2020-09-26,1810,T,94,6.0NRT,305.7,831.9,D
41.095,-106.116,403.5,1.1,1,2020-09-26,1810,T,75,6.0NRT,285.4,298.4,D
41.105,-106.232,377.7,1.1,1,2020-09-26,1810,T,100,6.0NRT,289,151.8,D
41.103,-106.22,389.7,1.1,1,2020-09-26,1810,T,100,6.0NRT,295.2,210.2,D
41.101,-106.207,427.9,1.1,1,2020-09-26,1810,T,100,6.0NRT,304.6,511.8,D
41.099,-106.195,500,1.1,1,2020-09-26,1810,T,100,6.0NRT,323.8,1794.3,D
41.097,-106.182,500,1.1,1,2020-09-26,1810,T,94,6.0NRT,321,1795.3,D
41.094,-106.17,409.2,1.1,1,2020-09-26,1810,T,87,6.0NRT,287.3,338.6,D
41.092,-106.157,355.5,1.1,1,2020-09-26,1810,T,74,6.0NRT,278.9,69.8,D
41.09,-106.144,353,1.1,1,2020-09-26,1810,T,84,6.0NRT,277.9,63.8,D
41.088,-106.132,346.8,1.1,1,2020-09-26,1810,T,81,6.0NRT,278.7,49.8,D
41.1,-106.26,399.9,1.1,1,2020-09-26,1810,T,100,6.0NRT,294.4,0,D
41.098,-106.247,462,1.1,1,2020-09-26,1810,T,100,6.0NRT,318.9,972.6,D
41.096,-106.235,500,1.1,1,2020-09-26,1810,T,100,6.0NRT,329.9,1788.5,D
41.094,-106.223,500,1.1,1,2020-09-26,1810,T,100,6.0NRT,323.2,1790.3,D
41.092,-106.21,465.7,1.1,1,2020-09-26,1810,T,100,6.0NRT,304.8,1041.2,D
41.09,-106.198,442.1,1.1,1,2020-09-26,1810,T,100,6.0NRT,290.1,679.8,D
41.093,-106.275,361.7,1.1,1,2020-09-26,1810,T,91,6.0NRT,272.9,0,D
41.091,-106.263,451.3,1.1,1,2020-09-26,1810,T,94,6.0NRT,293.9,804.9,D
41.089,-106.25,500,1.1,1,2020-09-26,1810,T,100,6.0NRT,308.1,1785.8,D
41.087,-106.238,443.6,1.1,1,2020-09-26,1810,T,100,6.0NRT,288.8,698.1,D
41.085,-106.225,379,1.1,1,2020-09-26,1810,T,100,6.0NRT,279.4,157.7,D
41.083,-106.213,345.4,1.1,1,2020-09-26,1810,T,93,6.0NRT,279.1,46.7,D
41.082,-106.265,327.3,1.1,1,2020-09-26,1810,T,37,6.0NRT,268.5,17.2,D
41.08,-106.253,342.3,1.1,1,2020-09-26,1810,T,91,6.0NRT,274.7,43.4,D
41.078,-106.24,336.2,1.1,1,2020-09-26,1810,T,84,6.0NRT,275.6,32.1,D
41.075,-106.228,325.7,1.1,1,2020-09-26,1810,T,44,6.0NRT,276,17.5,D
40.772,-105.657,352.3,1.1,1.1,2020-09-26,1810,T,97,6.0NRT,295.8,78,D
40.77,-105.644,334.5,1.1,1.1,2020-09-26,1810,T,87,6.0NRT,294.7,37.3,D
40.768,-105.63,329.8,1.1,1.1,2020-09-26,1810,T,86,6.0NRT,296.9,29.9,D
40.765,-105.617,313.4,1.1,1.1,2020-09-26,1810,T,31,6.0NRT,294.7,9.8,D
40.763,-105.66,379.8,1.1,1.1,2020-09-26,1810,T,100,6.0NRT,300,180.4,D
40.761,-105.647,344.5,1.1,1.1,2020-09-26,1810,T,94,6.0NRT,299.1,56.5,D
40.758,-105.633,327.3,1.1,1.1,2020-09-26,1810,T,44,6.0NRT,297.7,24.7,D
40.756,-105.62,336.8,1.1,1.1,2020-09-26,1810,T,90,6.0NRT,295.8,40.8,D
40.754,-105.663,317.5,1.1,1.1,2020-09-26,1810,T,44,6.0NRT,293.1,14.7,D
40.751,-105.65,344.6,1.1,1.1,2020-09-26,1810,T,94,6.0NRT,297.4,55.7,D
40.749,-105.636,349.8,1.1,1.1,2020-09-26,1810,T,96,6.0NRT,298.4,66.8,D
40.747,-105.623,336.4,1.1,1.1,2020-09-26,1810,T,90,6.0NRT,293.9,38,D
40.74,-105.582,318.1,1.1,1.1,2020-09-26,1810,T,77,6.0NRT,294.2,15.7,D
40.754,-105.719,318.4,1.1,1.1,2020-09-26,1810,T,40,6.0NRT,286.1,15.9,D
40.745,-105.666,339.2,1.1,1.1,2020-09-26,1810,T,91,6.0NRT,291.8,44.7,D
40.742,-105.652,336.6,1.1,1.1,2020-09-26,1810,T,90,6.0NRT,292.9,38.9,D
40.735,-105.612,333.4,1.1,1.1,2020-09-26,1810,T,68,6.0NRT,294.9,32,D
40.733,-105.599,350.3,1.1,1.1,2020-09-26,1810,T,96,6.0NRT,299.2,68.3,D
40.73,-105.585,369.1,1.1,1.1,2020-09-26,1810,T,100,6.0NRT,303,129.7,D
40.728,-105.572,402,1.1,1.1,2020-09-26,1810,T,100,6.0NRT,309.5,316.1,D
40.726,-105.559,363.4,1.1,1.1,2020-09-26,1810,T,100,6.0NRT,297.2,109.8,D
40.738,-105.66,328.1,1.1,1.1,2020-09-26,1810,T,58,6.0NRT,290.7,25,D
40.729,-105.606,355.1,1.1,1.1,2020-09-26,1810,T,98,6.0NRT,300.8,79.9,D
40.727,-105.592,354.6,1.1,1.1,2020-09-26,1810,T,96,6.0NRT,303.5,78.2,D
40.725,-105.579,381.1,1.1,1.1,2020-09-26,1810,T,100,6.0NRT,309.2,183.6,D
40.722,-105.566,378.1,1.1,1.1,2020-09-26,1810,T,94,6.0NRT,303.1,169.5,D
40.745,-105.755,411.6,1.1,1.1,2020-09-26,1810,T,100,6.0NRT,298.5,389.9,D
40.729,-105.662,359.4,1.1,1.1,2020-09-26,1810,T,99,6.0NRT,292,94.1,D
40.727,-105.648,380.6,1.1,1.1,2020-09-26,1810,T,100,6.0NRT,295,179.9,D
40.724,-105.635,357.6,1.1,1.1,2020-09-26,1810,T,98,6.0NRT,295.4,87.2,D
40.72,-105.608,341.1,1.1,1.1,2020-09-26,1810,T,34,6.0NRT,299.8,45.8,D
40.718,-105.594,364.8,1.1,1.1,2020-09-26,1810,T,100,6.0NRT,303.5,112.9,D
40.715,-105.581,396.8,1.1,1.1,2020-09-26,1810,T,100,6.0NRT,308.8,278.6,D
40.736,-105.757,355.6,1.1,1.1,2020-09-26,1810,T,98,6.0NRT,292.7,84.2,D
40.733,-105.744,321.5,1.1,1.1,2020-09-26,1810,T,39,6.0NRT,291.7,15.2,D
40.722,-105.678,409.1,1.1,1.1,2020-09-26,1810,T,100,6.0NRT,300.4,368.9,D
40.72,-105.665,406.3,1.1,1.1,2020-09-26,1810,T,100,6.0NRT,296.5,344.4,D
40.717,-105.651,342.5,1.1,1.1,2020-09-26,1810,T,93,6.0NRT,293.3,47.9,D
40.713,-105.624,337,1.1,1.1,2020-09-26,1810,T,71,6.0NRT,296.6,36.2,D
40.711,-105.611,376.8,1.1,1.1,2020-09-26,1810,T,100,6.0NRT,302.9,158.7,D
40.708,-105.597,447.1,1.1,1.1,2020-09-26,1810,T,100,6.0NRT,320,810.3,D
40.706,-105.583,424.6,1.1,1.1,2020-09-26,1810,T,100,6.0NRT,310.2,521.3,D
40.713,-105.68,342.3,1.1,1.1,2020-09-26,1810,T,93,6.0NRT,294.7,49.4,D
40.71,-105.667,335.5,1.1,1.1,2020-09-26,1810,T,89,6.0NRT,291.8,35.2,D
40.701,-105.613,334.4,1.1,1.1,2020-09-26,1810,T,89,6.0NRT,291.2,32.5,D
40.699,-105.599,352.3,1.1,1.1,2020-09-26,1810,T,97,6.0NRT,289.7,71.2,D
40.696,-105.586,339.4,1.1,1.1,2020-09-26,1810,T,85,6.0NRT,291.2,41.2,D
40.703,-105.738,353.1,1.1,1.1,2020-09-26,1810,T,97,6.0NRT,295.4,76,D
40.701,-105.724,328.1,1.1,1.1,2020-09-26,1810,T,85,6.0NRT,294.3,24.4,D
40.694,-105.741,346.4,1.1,1.1,2020-09-26,1810,T,94,6.0NRT,291.4,59.6,D
40.692,-105.728,327.6,1.1,1.1,2020-09-26,1810,T,85,6.0NRT,292.4,24.7,D
40.662,-105.811,312.5,1.1,1.1,2020-09-26,1810,T,24,6.0NRT,293.2,9.1,D
40.66,-105.799,337.6,1.1,1.1,2020-09-26,1810,T,88,6.0NRT,293.2,42.8,D
40.652,-105.814,327.1,1.1,1.1,2020-09-26,1810,T,80,6.0NRT,293.7,24.7,D
40.65,-105.802,328.5,1.1,1.1,2020-09-26,1810,T,81,6.0NRT,290.8,26.4,D
40.602,-105.695,315.8,1.1,1.1,2020-09-26,1810,T,57,6.0NRT,294.9,15.3,D
40.593,-105.697,350,1.1,1.1,2020-09-26,1810,T,95,6.0NRT,289.5,72.7,D
40.591,-105.684,328.8,1.1,1.1,2020-09-26,1810,T,70,6.0NRT,288.7,29.7,D
40.521,-105.765,361.6,1.1,1.1,2020-09-26,1810,T,100,6.0NRT,294.2,106.1,D
40.519,-105.751,325.2,1.1,1.1,2020-09-26,1810,T,72,6.0NRT,294.6,24,D
39.786,-105.934,323.8,1.1,1.1,2020-09-26,1810,T,82,6.0NRT,296.1,24.8,D
39.784,-105.921,309.1,1.1,1.1,2020-09-26,1810,T,46,6.0NRT,291.9,9.5,D
41.364,-84.935,310.1,2,1.4,2020-09-26,1810,A,59,6.0NRT,297.5,15.3,D
45.569,-74.508,303,1.2,1.1,2020-09-26,1815,A,50,6.0NRT,287.9,4.8,D
17.771,-96.308,309.9,1,1,2020-09-26,1945,A,40,6.0NRT,292.1,4.5,D
18.109,-95.88,319,1,1,2020-09-26,1945,A,29,6.0NRT,298.5,7.8,D
18.484,-101.361,319.6,1.9,1.3,2020-09-26,1945,A,39,6.0NRT,298.1,25.4,D
18.534,-101.323,323.1,1.9,1.3,2020-09-26,1945,A,57,6.0NRT,300.3,28.6,D
20.558,-100.26,322.9,1.4,1.2,2020-09-26,1945,A,60,6.0NRT,301.4,13.6,D
20.567,-100.532,319.5,1.5,1.2,2020-09-26,1945,A,59,6.0NRT,303.3,11,D
20.607,-101.242,318,1.7,1.3,2020-09-26,1945,A,65,6.0NRT,301.5,14.8,D
21.015,-101.486,317,1.7,1.3,2020-09-26,1945,A,52,6.0NRT,301.4,14.4,D
21.582,-98.133,318,1.1,1,2020-09-26,1945,A,71,6.0NRT,293.5,10.7,D
21.726,-102.299,316.7,1.9,1.3,2020-09-26,1945,A,37,6.0NRT,299.9,18,D
23.201,-98.169,313.6,1,1,2020-09-26,1945,A,56,6.0NRT,297.7,6.3,D
24.293,-98.824,330.4,1.1,1,2020-09-26,1945,A,80,6.0NRT,305,21.8,D
24.291,-98.835,330.8,1.1,1,2020-09-26,1945,A,80,6.0NRT,305.9,22.2,D
24.298,-98.831,332.5,1.1,1,2020-09-26,1945,A,82,6.0NRT,305.8,24.1,D
25.162,-97.829,333,1,1,2020-09-26,1945,A,81,6.0NRT,305.6,22,D
25.327,-108.092,313.3,4.1,1.9,2020-09-26,1945,A,20,6.0NRT,294.1,50,D
25.385,-107.902,311.4,3.9,1.8,2020-09-26,1945,A,20,6.0NRT,294.4,43.7,D
26.698,-109.588,311.8,4.8,2,2020-09-26,1945,A,38,6.0NRT,298.4,57.3,N
49.255,-99.9,309.4,1.3,1.1,2020-09-26,1955,A,65,6.0NRT,289,9.2,D
49.18,-104.185,326.9,1,1,2020-09-26,1955,A,85,6.0NRT,279.6,25.8,D
28.702,-99.27,331.4,1,1,2020-09-26,1950,A,77,6.0NRT,309.8,15,D
28.63,-100.568,360.3,1.1,1.1,2020-09-26,1950,A,100,6.0NRT,307.5,87.2,D
29.063,-97.813,318.1,1,1,2020-09-26,1950,A,58,6.0NRT,303.4,6.8,D
29.397,-96.288,327.2,1.1,1,2020-09-26,1950,A,79,6.0NRT,302.4,20.8,D
31.718,-100.086,322.4,1,1,2020-09-26,1950,A,56,6.0NRT,306.8,6.3,D
31.729,-100.077,325.6,1,1,2020-09-26,1950,A,70,6.0NRT,307.2,10.3,D
31.727,-100.088,334.5,1,1,2020-09-26,1950,A,82,6.0NRT,308.4,21.9,D
31.736,-100.09,329.4,1,1,2020-09-26,1950,A,76,6.0NRT,307.9,14.7,D
32.45,-97.04,319,1.1,1,2020-09-26,1950,A,68,6.0NRT,306,9.4,D
31.832,-101.693,323.2,1.2,1.1,2020-09-26,1950,A,39,6.0NRT,309.4,8.2,D
32.293,-101.77,332.8,1.2,1.1,2020-09-26,1950,A,74,6.0NRT,314.2,17.5,D
32.291,-101.781,329.1,1.2,1.1,2020-09-26,1950,A,65,6.0NRT,314.4,10.8,D
32.382,-101.611,327.7,1.1,1.1,2020-09-26,1950,A,61,6.0NRT,313.5,10.3,D
33.643,-96.556,320.9,1.2,1.1,2020-09-26,1950,A,71,6.0NRT,303.8,13.3,D
34.314,-96.301,314.9,1.2,1.1,2020-09-26,1950,A,63,6.0NRT,300.2,8.4,D
34.313,-96.314,312.6,1.2,1.1,2020-09-26,1950,A,56,6.0NRT,300.2,6.3,D
36.115,-91.044,319.3,2.6,1.6,2020-09-26,1950,A,76,6.0NRT,298.1,48.1,D
35.39,-99.732,343.5,1,1,2020-09-26,1950,A,89,6.0NRT,311.2,36.8,D
36.44,-90.411,326.8,2.9,1.6,2020-09-26,1950,A,82,6.0NRT,296.4,91.7,D
37.016,-90.058,308.9,3.1,1.7,2020-09-26,1950,A,50,6.0NRT,296.5,28.7,D
33.871,-111.799,326.8,4.3,1.9,2020-09-26,1950,A,59,6.0NRT,311.4,85.8,D
33.916,-111.762,327.8,4.3,1.9,2020-09-26,1950,A,55,6.0NRT,308.8,96.8,D
33.905,-111.807,334,4.3,1.9,2020-09-26,1950,A,82,6.0NRT,310,165.7,D
33.922,-111.812,345.8,4.3,1.9,2020-09-26,1950,A,92,6.0NRT,307.4,337.5,D
36.59,-97.194,320.1,1.2,1.1,2020-09-26,1950,A,66,6.0NRT,303.7,10,D
36.589,-97.207,334.9,1.2,1.1,2020-09-26,1950,A,85,6.0NRT,306.7,32.1,D
33.874,-111.807,325.9,4.3,1.9,2020-09-26,1950,A,69,6.0NRT,311.4,79.9,D
33.919,-111.77,332.1,4.3,1.9,2020-09-26,1950,A,79,6.0NRT,307.7,146.7,D
33.908,-111.816,340.5,4.3,1.9,2020-09-26,1950,A,88,6.0NRT,310,252.7,D
33.924,-111.821,331.9,4.3,1.9,2020-09-26,1950,A,80,6.0NRT,306.4,157.9,D
37.55,-95.676,332.2,1.4,1.2,2020-09-26,1950,A,84,6.0NRT,298.5,42.1,D
37.548,-95.692,332.5,1.4,1.2,2020-09-26,1950,A,84,6.0NRT,301.2,42.2,D
37.864,-100.556,316.4,1,1,2020-09-26,1950,A,66,6.0NRT,276.4,10.6,D
39.144,-96.788,332,1.3,1.1,2020-09-26,1950,A,84,6.0NRT,306.9,32.4,D
40.381,-97.358,316.1,1.3,1.1,2020-09-26,1950,A,69,6.0NRT,279.1,14.3,D
39.781,-105.929,323.9,1.4,1.2,2020-09-26,1950,A,83,6.0NRT,288.1,31.3,D
39.778,-105.944,322.7,1.4,1.2,2020-09-26,1950,A,77,6.0NRT,284.2,30,D
39.787,-105.935,325.6,1.4,1.2,2020-09-26,1950,A,51,6.0NRT,289.4,32.1,D
40.516,-105.762,373.2,1.3,1.1,2020-09-26,1950,A,94,6.0NRT,300.5,182.3,D
40.514,-105.776,324.2,1.3,1.1,2020-09-26,1950,A,61,6.0NRT,291.8,28.5,D
40.526,-105.765,378.5,1.3,1.1,2020-09-26,1950,A,100,6.0NRT,295.3,211.2,D
40.524,-105.78,319,1.3,1.1,2020-09-26,1950,A,48,6.0NRT,290.2,19.5,D
40.581,-105.692,324.5,1.3,1.1,2020-09-26,1950,A,82,6.0NRT,288.5,28.1,D
40.593,-105.682,412.7,1.3,1.1,2020-09-26,1950,A,94,6.0NRT,298.6,481.3,D
40.59,-105.696,474,1.3,1.1,2020-09-26,1950,A,100,6.0NRT,320.5,1554.5,D
40.588,-105.709,369.9,1.3,1.1,2020-09-26,1950,A,100,6.0NRT,293.9,162.3,D
40.611,-105.64,347.4,1.3,1.1,2020-09-26,1950,A,95,6.0NRT,296.2,74.7,D
40.608,-105.654,335.9,1.3,1.1,2020-09-26,1950,A,89,6.0NRT,296.2,45.9,D
40.6,-105.698,347.9,1.3,1.1,2020-09-26,1950,A,95,6.0NRT,297.2,76.7,D
40.598,-105.713,328.9,1.3,1.1,2020-09-26,1950,A,71,6.0NRT,295.4,32.2,D
40.621,-105.643,341,1.3,1.1,2020-09-26,1950,A,92,6.0NRT,296.6,57.2,D
40.618,-105.657,333.4,1.3,1.1,2020-09-26,1950,A,88,6.0NRT,292.7,40.2,D
40.602,-105.746,361.9,1.3,1.1,2020-09-26,1950,A,100,6.0NRT,293.9,128.8,D
40.599,-105.761,343,1.3,1.1,2020-09-26,1950,A,93,6.0NRT,295.2,66.9,D
40.628,-105.771,328,1.3,1.1,2020-09-26,1950,A,80,6.0NRT,292.3,29.8,D
40.652,-105.813,330.8,1.3,1.1,2020-09-26,1950,A,86,6.0NRT,296.4,34.6,D
40.654,-105.804,325.6,1.3,1.1,2020-09-26,1950,A,79,6.0NRT,295.6,26.4,D
40.651,-105.819,317.3,1.3,1.1,2020-09-26,1950,A,62,6.0NRT,296.7,14.4,D
40.704,-105.589,366.7,1.3,1.1,2020-09-26,1950,A,94,6.0NRT,292.8,133.4,D
40.701,-105.603,381.5,1.3,1.1,2020-09-26,1950,A,90,6.0NRT,305.5,209.2,D
40.722,-105.547,405.7,1.3,1.1,2020-09-26,1950,A,75,6.0NRT,299.2,391.1,D
40.719,-105.562,456,1.3,1.1,2020-09-26,1950,A,94,6.0NRT,329,1101.6,D
40.716,-105.577,390.6,1.3,1.1,2020-09-26,1950,A,97,6.0NRT,313.3,267.7,D
40.714,-105.592,362,1.3,1.1,2020-09-26,1950,A,68,6.0NRT,305.4,110.6,D
40.711,-105.606,366.1,1.3,1.1,2020-09-26,1950,A,60,6.0NRT,307.1,126.4,D
40.708,-105.62,361.1,1.3,1.1,2020-09-26,1950,A,0,6.0NRT,304.8,105.3,D
40.726,-105.579,467.4,1.3,1.1,2020-09-26,1950,A,100,6.0NRT,338.7,1346.7,D
40.721,-105.609,406.2,1.3,1.1,2020-09-26,1950,A,100,6.0NRT,311.9,391.3,D
40.718,-105.623,390.7,1.3,1.1,2020-09-26,1950,A,100,6.0NRT,301.4,264.7,D
40.713,-105.652,372.4,1.3,1.1,2020-09-26,1950,A,77,6.0NRT,298.9,158.5,D
40.71,-105.666,353.7,1.3,1.1,2020-09-26,1950,A,0,6.0NRT,273,83.3,D
40.739,-105.568,384.1,1.3,1.1,2020-09-26,1950,A,87,6.0NRT,285,225.5,D
40.736,-105.583,417.9,1.3,1.1,2020-09-26,1950,A,100,6.0NRT,303.5,517.5,D
40.731,-105.611,365.8,1.3,1.1,2020-09-26,1950,A,67,6.0NRT,297.3,126.6,D
40.726,-105.64,424.4,1.3,1.1,2020-09-26,1950,A,100,6.0NRT,299.9,598.2,D
40.723,-105.654,492.7,1.3,1.1,2020-09-26,1950,A,100,6.0NRT,340.6,2042.9,D
40.72,-105.668,407.9,1.3,1.1,2020-09-26,1950,A,87,6.0NRT,303.8,417.6,D
40.738,-105.628,359.9,1.3,1.1,2020-09-26,1950,A,78,6.0NRT,291.4,102.2,D
40.722,-105.716,342.6,1.3,1.1,2020-09-26,1950,A,0,6.0NRT,271.3,45.9,D
40.753,-105.603,355.7,1.3,1.1,2020-09-26,1950,A,80,6.0NRT,289.6,91.6,D
40.75,-105.617,452.7,1.3,1.1,2020-09-26,1950,A,100,6.0NRT,312.3,1042.9,D
40.748,-105.631,479.1,1.3,1.1,2020-09-26,1950,A,100,6.0NRT,334.4,1646.2,D
40.745,-105.646,427.5,1.3,1.1,2020-09-26,1950,A,100,6.0NRT,310.7,639.8,D
40.743,-105.66,363.3,1.3,1.1,2020-09-26,1950,A,94,6.0NRT,288.4,118.8,D
40.732,-105.718,340.4,1.3,1.1,2020-09-26,1950,A,65,6.0NRT,275.1,49.3,D
40.763,-105.606,340.5,1.3,1.1,2020-09-26,1950,A,49,6.0NRT,281.1,49.8,D
40.76,-105.62,390.6,1.3,1.1,2020-09-26,1950,A,100,6.0NRT,289.5,269.2,D
40.758,-105.635,405.7,1.3,1.1,2020-09-26,1950,A,100,6.0NRT,309.6,391.7,D
40.755,-105.649,404.6,1.3,1.1,2020-09-26,1950,A,100,6.0NRT,302.1,385.7,D
40.753,-105.662,355.9,1.3,1.1,2020-09-26,1950,A,92,6.0NRT,283.4,90.5,D
40.737,-105.751,382.3,1.3,1.1,2020-09-26,1950,A,94,6.0NRT,289.9,226.5,D
40.734,-105.766,352.3,1.3,1.1,2020-09-26,1950,A,84,6.0NRT,290.1,88.9,D
40.77,-105.623,440.5,1.3,1.1,2020-09-26,1950,A,100,6.0NRT,298.9,829,D
40.767,-105.638,503.8,1.3,1.1,2020-09-26,1950,A,100,6.0NRT,400.1,2402.6,D
40.765,-105.652,455.7,1.3,1.1,2020-09-26,1950,A,100,6.0NRT,319.2,1111,D
40.762,-105.666,383,1.3,1.1,2020-09-26,1950,A,100,6.0NRT,291,222.4,D
40.757,-105.693,344.5,1.3,1.1,2020-09-26,1950,A,80,6.0NRT,282.4,57.4,D
40.755,-105.708,425.9,1.3,1.1,2020-09-26,1950,A,100,6.0NRT,296.2,629.3,D
40.752,-105.723,350.7,1.3,1.1,2020-09-26,1950,A,79,6.0NRT,284.6,76.6,D
40.777,-105.641,362.3,1.3,1.1,2020-09-26,1950,A,94,6.0NRT,271.6,115.5,D
40.775,-105.655,354,1.3,1.1,2020-09-26,1950,A,91,6.0NRT,270.3,88.7,D
40.786,-105.649,321,1.3,1.1,2020-09-26,1950,A,46,6.0NRT,271.1,18.4,D
41.084,-106.117,340.3,1.3,1.1,2020-09-26,1950,A,85,6.0NRT,276.8,60.3,D
41.081,-106.132,341.8,1.3,1.1,2020-09-26,1950,A,91,6.0NRT,275.3,63.4,D
41.078,-106.147,340.3,1.3,1.1,2020-09-26,1950,A,85,6.0NRT,271.7,61.9,D
41.075,-106.163,318.7,1.3,1.1,2020-09-26,1950,A,0,6.0NRT,268.7,22.4,D
41.102,-106.075,420.7,1.3,1.1,2020-09-26,1950,A,0,6.0NRT,294.1,588.2,D
41.096,-106.105,453.5,1.3,1.1,2020-09-26,1950,A,87,6.0NRT,302.9,1131.6,D
41.088,-106.151,455.5,1.3,1.1,2020-09-26,1950,A,87,6.0NRT,293.3,1183,D
41.112,-106.079,372.8,1.3,1.1,2020-09-26,1950,A,94,6.0NRT,288.4,179,D
41.109,-106.093,375.4,1.3,1.1,2020-09-26,1950,A,100,6.0NRT,291.1,193.9,D
41.106,-106.109,367.2,1.3,1.1,2020-09-26,1950,A,100,6.0NRT,291.5,152.1,D
41.104,-106.124,392,1.3,1.1,2020-09-26,1950,A,100,6.0NRT,296.3,305.9,D
41.101,-106.139,402.3,1.3,1.1,2020-09-26,1950,A,100,6.0NRT,291.6,397.1,D
41.098,-106.154,427,1.3,1.1,2020-09-26,1950,A,87,6.0NRT,293.9,686.7,D
41.124,-106.068,325.6,1.3,1.1,2020-09-26,1950,A,35,6.0NRT,287.1,25.5,D
41.122,-106.082,370.8,1.3,1.1,2020-09-26,1950,A,100,6.0NRT,291.8,168.8,D
41.119,-106.097,380.4,1.3,1.1,2020-09-26,1950,A,100,6.0NRT,291.2,221.5,D
41.116,-106.112,372.9,1.3,1.1,2020-09-26,1950,A,100,6.0NRT,292,180.3,D
41.114,-106.127,359.5,1.3,1.1,2020-09-26,1950,A,99,6.0NRT,291.5,120.5,D
41.111,-106.142,389.3,1.3,1.1,2020-09-26,1950,A,100,6.0NRT,293.9,288.3,D
41.108,-106.157,364,1.3,1.1,2020-09-26,1950,A,94,6.0NRT,280.9,141.6,D
41.105,-106.172,338.4,1.3,1.1,2020-09-26,1950,A,0,6.0NRT,268.6,57.5,D
41.137,-106.056,370.8,1.3,1.1,2020-09-26,1950,A,100,6.0NRT,294.5,168.2,D
41.134,-106.07,407.3,1.3,1.1,2020-09-26,1950,A,100,6.0NRT,305.3,437.8,D
41.132,-106.085,426,1.3,1.1,2020-09-26,1950,A,100,6.0NRT,315.3,658.5,D
41.129,-106.1,424.9,1.3,1.1,2020-09-26,1950,A,100,6.0NRT,310.1,647.5,D
41.126,-106.115,448.9,1.3,1.1,2020-09-26,1950,A,100,6.0NRT,319.5,1039.5,D
41.123,-106.13,364.6,1.3,1.1,2020-09-26,1950,A,100,6.0NRT,294,140.8,D
41.121,-106.145,346.1,1.3,1.1,2020-09-26,1950,A,91,6.0NRT,283.1,75.3,D
41.118,-106.161,366.1,1.3,1.1,2020-09-26,1950,A,94,6.0NRT,280.1,151.7,D
41.115,-106.176,329.5,1.3,1.1,2020-09-26,1950,A,0,6.0NRT,268,38.2,D
41.147,-106.059,373.4,1.3,1.1,2020-09-26,1950,A,100,6.0NRT,292.9,180.7,D
41.144,-106.074,401,1.3,1.1,2020-09-26,1950,A,100,6.0NRT,306,377.4,D
41.142,-106.088,455.5,1.3,1.1,2020-09-26,1950,A,94,6.0NRT,330.3,1161,D
41.139,-106.103,424.9,1.3,1.1,2020-09-26,1950,A,94,6.0NRT,312.9,645.1,D
41.136,-106.118,375,1.3,1.1,2020-09-26,1950,A,94,6.0NRT,295.9,193.5,D
41.134,-106.133,344.9,1.3,1.1,2020-09-26,1950,A,82,6.0NRT,289.1,72,D
41.131,-106.148,332.4,1.3,1.1,2020-09-26,1950,A,69,6.0NRT,280,41.4,D
41.128,-106.164,323.5,1.3,1.1,2020-09-26,1950,A,59,6.0NRT,271.6,27.8,D
41.154,-106.077,420.7,1.3,1.1,2020-09-26,1950,A,94,6.0NRT,299.1,590.2,D
41.152,-106.091,421.3,1.3,1.1,2020-09-26,1950,A,89,6.0NRT,302,596.3,D
41.146,-106.121,395.3,1.3,1.1,2020-09-26,1950,A,89,6.0NRT,296.9,331.6,D
41.144,-106.136,387.4,1.3,1.1,2020-09-26,1950,A,100,6.0NRT,292.5,274.1,D
41.141,-106.151,369.4,1.3,1.1,2020-09-26,1950,A,94,6.0NRT,281.6,167.2,D
41.138,-106.167,347.8,1.3,1.1,2020-09-26,1950,A,0,6.0NRT,269.5,82.8,D
41.156,-106.124,393.8,1.3,1.1,2020-09-26,1950,A,82,6.0NRT,292.1,315,D
41.153,-106.139,373.7,1.3,1.1,2020-09-26,1950,A,94,6.0NRT,285,187.9,D
41.151,-106.155,354.4,1.3,1.1,2020-09-26,1950,A,73,6.0NRT,270.9,103.8,D
41.154,-106.13,366.4,1.3,1.1,2020-09-26,1950,A,78,6.0NRT,289.6,147.2,D
41.151,-106.145,352.3,1.3,1.1,2020-09-26,1950,A,74,6.0NRT,279.3,93.3,D
41.164,-106.134,386.9,1.3,1.1,2020-09-26,1950,A,89,6.0NRT,281,269,D
41.161,-106.149,374.7,1.3,1.1,2020-09-26,1950,A,0,6.0NRT,277.6,193.1,D
40.58,-110.54,314.4,2.4,1.5,2020-09-26,1950,A,33,6.0NRT,290.9,35.8,D
21.306,-158.092,316.3,1.7,1.3,2020-09-26,2135,T,0,6.0NRT,301.9,24.5,D
33.917,-111.768,333.3,4.6,2,2020-09-26,2125,A,72,6.0NRT,310.7,149.4,D
33.915,-111.816,342.3,4.6,2,2020-09-26,2125,A,86,6.0NRT,312.4,279.4,D
33.933,-111.819,332.3,4.6,2,2020-09-26,2125,A,71,6.0NRT,309.2,150.2,D
33.919,-111.777,336.3,4.6,2,2020-09-26,2125,A,78,6.0NRT,310.9,199.1,D
33.917,-111.826,340,4.6,2,2020-09-26,2125,A,83,6.0NRT,312.1,249.9,D
33.934,-111.827,326.9,4.6,2,2020-09-26,2125,A,48,6.0NRT,309.2,99.5,D
34.259,-118.095,328.7,1.8,1.3,2020-09-26,2130,A,71,6.0NRT,308.1,39.2,D
36.291,-118.68,323,1.7,1.3,2020-09-26,2130,A,61,6.0NRT,295.7,33.6,D
36.303,-118.682,358.6,1.7,1.3,2020-09-26,2130,A,99,6.0NRT,296.8,170.8,D
36.306,-118.772,330.4,1.7,1.3,2020-09-26,2130,A,65,6.0NRT,298,45.3,D
36.302,-118.67,333.9,1.7,1.3,2020-09-26,2130,A,81,6.0NRT,295.8,63.1,D
36.301,-118.687,342.4,1.7,1.3,2020-09-26,2130,A,89,6.0NRT,297.4,92.3,D
36.304,-118.777,321.2,1.7,1.3,2020-09-26,2130,A,39,6.0NRT,298,26,D
36.317,-118.765,320.9,1.7,1.3,2020-09-26,2130,A,28,6.0NRT,298.1,27.8,D
37.165,-119.171,323.7,1.7,1.3,2020-09-26,2130,A,68,6.0NRT,296.1,35,D
37.166,-119.16,318.7,1.7,1.3,2020-09-26,2130,A,45,6.0NRT,294.6,24.1,D
37.205,-119.234,329.3,1.6,1.3,2020-09-26,2130,A,72,6.0NRT,298,42.8,D
37.263,-119.45,321.5,1.6,1.2,2020-09-26,2130,A,44,6.0NRT,294.3,24.8,D
37.321,-119.073,333.3,1.7,1.3,2020-09-26,2130,A,82,6.0NRT,293.2,61,D
37.319,-119.094,349.6,1.7,1.3,2020-09-26,2130,A,94,6.0NRT,295.7,119.6,D
37.318,-119.113,327.4,1.7,1.3,2020-09-26,2130,A,54,6.0NRT,294,43.3,D
37.285,-119.455,317.5,1.6,1.2,2020-09-26,2130,A,33,6.0NRT,290.2,19.8,D
37.333,-119.074,341,1.7,1.3,2020-09-26,2130,A,89,6.0NRT,295.2,86.1,D
37.331,-119.095,324.9,1.7,1.3,2020-09-26,2130,A,64,6.0NRT,295,36.4,D
37.358,-119.173,333,1.7,1.3,2020-09-26,2130,A,64,6.0NRT,294.6,50.8,D
37.359,-119.163,328.2,1.7,1.3,2020-09-26,2130,A,69,6.0NRT,294,39.8,D
37.357,-119.179,324.7,1.7,1.3,2020-09-26,2130,A,48,6.0NRT,294.1,30.1,D
37.422,-119.454,315.4,1.6,1.2,2020-09-26,2130,A,14,6.0NRT,295.9,17.1,D
37.512,-119.34,327.7,1.6,1.3,2020-09-26,2130,A,72,6.0NRT,294.3,39.6,D
37.525,-119.323,323.4,1.6,1.3,2020-09-26,2130,A,71,6.0NRT,291.4,31.9,D
37.514,-119.328,323.6,1.6,1.3,2020-09-26,2130,A,72,6.0NRT,292.8,32.2,D
37.512,-119.348,320.4,1.6,1.3,2020-09-26,2130,A,60,6.0NRT,295.3,24,D
37.525,-119.331,328.1,1.6,1.3,2020-09-26,2130,A,64,6.0NRT,291.6,40.7,D
39.81,-121.209,326,1.4,1.2,2020-09-26,2130,A,77,6.0NRT,291,29.8,D
39.833,-121.198,315.4,1.4,1.2,2020-09-26,2130,A,56,6.0NRT,289.9,16.6,D
39.831,-121.214,312.3,1.4,1.2,2020-09-26,2130,A,38,6.0NRT,290.3,11.7,D
39.621,-123.105,318.4,1.1,1.1,2020-09-26,2130,A,55,6.0NRT,303.5,8.2,D
39.847,-121.263,311.4,1.4,1.2,2020-09-26,2130,A,9,6.0NRT,291.3,10.6,D
39.845,-121.279,333.6,1.4,1.2,2020-09-26,2130,A,85,6.0NRT,291.2,47.3,D
39.875,-121.275,311.7,1.4,1.2,2020-09-26,2130,A,17,6.0NRT,288,12.4,D
39.692,-123.048,330.3,1.1,1.1,2020-09-26,2130,A,83,6.0NRT,301.3,26,D
40.042,-122.897,314.7,1.2,1.1,2020-09-26,2130,A,55,6.0NRT,271.3,15.2,D
40.325,-123.192,324,1.1,1.1,2020-09-26,2130,A,62,6.0NRT,272.1,26.1,D
41.021,-123.586,310,1.1,1.1,2020-09-26,2130,A,69,6.0NRT,292.8,9.6,D
41.17,-123.27,312.9,1.2,1.1,2020-09-26,2130,A,72,6.0NRT,292.1,12.4,D
30.842,-93.257,303.4,4.2,1.9,2020-09-27,0335,T,55,6.0NRT,291.3,43.8,N
30.846,-93.263,305.2,4.2,1.9,2020-09-27,0335,T,63,6.0NRT,291.3,53.6,N
35.931,-89.722,305.4,1.9,1.3,2020-09-27,0335,T,64,6.0NRT,288.3,18.8,N
39.483,-84.383,303.6,1,1,2020-09-27,0335,T,53,6.0NRT,290.3,5.8,N
39.978,-86.834,304.6,1.1,1.1,2020-09-27,0335,T,61,6.0NRT,289.4,8.6,N
41.459,-81.678,306.4,1.1,1.1,2020-09-27,0335,T,68,6.0NRT,289.2,8.9,N
41.57,-84.047,300.3,1,1,2020-09-27,0335,T,24,6.0NRT,289.4,4.6,N
42.295,-83.17,300.1,1,1,2020-09-27,0335,T,18,6.0NRT,289.8,3.8,N
30.5,-109.629,304.4,1.3,1.1,2020-09-27,0515,T,60,6.0NRT,291.4,8.1,N
32.389,-101.612,308.5,1.5,1.2,2020-09-27,0515,T,75,6.0NRT,294.4,14.7,N
33.521,-109.08,308.1,1.1,1,2020-09-27,0515,T,71,6.0NRT,288.7,10.4,N
33.529,-109.076,324.5,1.1,1,2020-09-27,0515,T,100,6.0NRT,290,26.1,N
33.527,-109.087,311.4,1.1,1,2020-09-27,0515,T,82,6.0NRT,288.6,12.9,N
33.536,-109.09,300.3,1.1,1,2020-09-27,0515,T,24,6.0NRT,287.1,5.6,N
33.928,-111.774,317.4,1.4,1.2,2020-09-27,0515,T,95,6.0NRT,295.7,22.9,N
33.938,-111.778,306.2,1.4,1.2,2020-09-27,0515,T,40,6.0NRT,294.3,8.6,N
36.291,-118.705,319.5,3.4,1.7,2020-09-27,0515,T,99,6.0NRT,266.4,123.7,N
37.335,-119.086,309,3.3,1.7,2020-09-27,0515,T,22,6.0NRT,279.8,58.7,N
37.331,-119.089,307.1,3.3,1.7,2020-09-27,0515,T,56,6.0NRT,279.9,56.3,N
39.78,-105.937,300.4,1.1,1.1,2020-09-27,0515,T,27,6.0NRT,277.4,9.6,N
39.789,-105.94,300.1,1.1,1.1,2020-09-27,0515,T,16,6.0NRT,275.9,9.2,N
39.883,-106.004,304.9,1.1,1.1,2020-09-27,0515,T,62,6.0NRT,276.6,12.3,N
39.882,-106.017,306.4,1.1,1.1,2020-09-27,0515,T,68,6.0NRT,276.9,13.6,N
39.894,-105.993,303.1,1.1,1.1,2020-09-27,0515,T,30,6.0NRT,274,10.3,N
40.744,-105.59,324.9,1.2,1.1,2020-09-27,0515,T,94,6.0NRT,269.8,0,N
40.765,-105.668,322.1,1.2,1.1,2020-09-27,0515,T,92,6.0NRT,271.9,0,N
41.171,-106.118,321.3,1.2,1.1,2020-09-27,0515,T,91,6.0NRT,267.2,0,N
41.169,-106.132,324.8,1.2,1.1,2020-09-27,0515,T,94,6.0NRT,270,0,N
42.684,-111.593,321.4,1.1,1,2020-09-27,0515,T,100,6.0NRT,273.6,26.2,N
26.885,-101.453,309.1,1.3,1.1,2020-09-27,0510,T,77,6.0NRT,297.2,10.1,N
18.934,-70.347,303.6,1.1,1.1,2020-09-27,0615,A,56,6.0NRT,293,5.6,N
40.37,-123.292,309.9,3,1.6,2020-09-27,0655,T,79,6.0NRT,286.1,53.9,N
40.371,-123.299,310,3,1.6,2020-09-27,0655,T,79,6.0NRT,286.1,58.4,N
42.305,-83.15,303.7,1.2,1.1,2020-09-27,0750,A,54,6.0NRT,288.2,8.2,N
35.938,-89.711,301.4,1,1,2020-09-27,0750,A,41,6.0NRT,288.3,5.9,N
30.854,-93.257,313.5,1.2,1.1,2020-09-27,0755,A,87,6.0NRT,292,17.1,N
30.852,-93.244,304.9,1.2,1.1,2020-09-27,0755,A,62,6.0NRT,291.7,9,N
19.394,-92.037,317.4,1,1,2020-09-27,0755,A,73,6.0NRT,289.7,14.7,N
42.685,-111.592,309.3,1,1,2020-09-27,0930,A,77,6.0NRT,273.1,14.7,N
41.168,-106.098,358.6,1.5,1.2,2020-09-27,0930,A,100,6.0NRT,271.8,150.3,N
41.165,-106.081,367.1,1.5,1.2,2020-09-27,0930,A,100,6.0NRT,278.6,196.8,N
41.161,-106.063,317.5,1.5,1.2,2020-09-27,0930,A,15,6.0NRT,274.9,31.9,N
41.154,-106.085,333.8,1.5,1.2,2020-09-27,0930,A,100,6.0NRT,275.8,65.5,N
41.165,-106.423,328.9,1.4,1.2,2020-09-27,0930,A,98,6.0NRT,267.3,0,N
41.098,-106.086,308.3,1.5,1.2,2020-09-27,0930,A,15,6.0NRT,277.9,19,N
41.099,-106.11,308.1,1.5,1.2,2020-09-27,0930,A,23,6.0NRT,278,19.4,N
41.095,-106.093,313.1,1.5,1.2,2020-09-27,0930,A,80,6.0NRT,278.6,27.2,N
41.091,-106.187,308.4,1.5,1.2,2020-09-27,0930,A,29,6.0NRT,275.9,20.3,N
41.08,-106.245,316.7,1.5,1.2,2020-09-27,0930,A,26,6.0NRT,276.5,30.1,N
41.089,-106.349,330.8,1.5,1.2,2020-09-27,0930,A,100,6.0NRT,266.7,56.6,N
41.086,-106.331,346.9,1.5,1.2,2020-09-27,0930,A,100,6.0NRT,272.8,101.8,N
41.079,-106.298,322.1,1.5,1.2,2020-09-27,0930,A,45,6.0NRT,278.4,38.1,N
41.076,-106.281,344.3,1.5,1.2,2020-09-27,0930,A,100,6.0NRT,280.7,93.2,N
41.079,-106.352,308.7,1.5,1.2,2020-09-27,0930,A,48,6.0NRT,267.3,20.4,N
41.076,-106.336,329.8,1.5,1.2,2020-09-27,0930,A,100,6.0NRT,273.7,56.2,N
40.766,-105.669,304,1.6,1.2,2020-09-27,0930,A,44,6.0NRT,279.1,18.1,N
40.577,-110.451,305.9,1,1,2020-09-27,0930,A,66,6.0NRT,276.5,10.9,N
40.575,-110.439,301,1,1,2020-09-27,0930,A,32,6.0NRT,275.8,7.8,N
40.571,-110.47,305.4,1,1,2020-09-27,0930,A,64,6.0NRT,279.1,11.3,N
39.797,-120.904,302.5,2.4,1.5,2020-09-27,0930,A,50,6.0NRT,284.6,27.1,N
37.526,-119.206,300.7,1.8,1.3,2020-09-27,0930,A,26,6.0NRT,286.7,13.3,N
37.525,-119.322,300.9,1.8,1.3,2020-09-27,0930,A,33,6.0NRT,284.1,15,N
37.342,-119.181,300.4,1.7,1.3,2020-09-27,0930,A,21,6.0NRT,285.9,13.3,N
37.318,-119.048,325.4,1.7,1.3,2020-09-27,0930,A,79,6.0NRT,286.3,53.8,N
36.306,-118.685,326,1.6,1.2,2020-09-27,0930,A,100,6.0NRT,286.9,48.4,N
36.304,-118.666,344,1.6,1.2,2020-09-27,0930,A,100,6.0NRT,289.2,100,N
36.312,-118.762,300.4,1.6,1.2,2020-09-27,0930,A,17,6.0NRT,283.5,10.8,N
36.304,-118.692,306.9,1.6,1.2,2020-09-27,0930,A,33,6.0NRT,284.6,16.6,N
36.302,-118.672,362.2,1.6,1.2,2020-09-27,0930,A,100,6.0NRT,291.9,182,N
36.291,-118.673,328.2,1.6,1.2,2020-09-27,0930,A,100,6.0NRT,285,54.4,N
33.531,-109.087,307.8,1.5,1.2,2020-09-27,0930,A,73,6.0NRT,287,18,N
33.528,-109.072,312.6,1.5,1.2,2020-09-27,0930,A,85,6.0NRT,287.9,23.9,N
33.937,-111.809,300.4,1.1,1,2020-09-27,0930,A,19,6.0NRT,290.3,4.3,N
34.262,-118.087,301.5,1.4,1.2,2020-09-27,0930,A,42,6.0NRT,289.4,8.4,N
20.739,-76.279,322,1,1,2020-09-27,1540,T,73,6.0NRT,300.9,13.6,D
18.932,-70.354,320.4,1.8,1.3,2020-09-27,1540,T,75,6.0NRT,300.2,26.5,D
18.264,-70.371,320.9,1.8,1.3,2020-09-27,1540,T,71,6.0NRT,301.8,13.5,D
31.065,-93.564,310.4,1.3,1.1,2020-09-27,1720,T,52,6.0NRT,299,7.6,D
30.554,-91.333,326.5,1.9,1.3,2020-09-27,1720,T,80,6.0NRT,300.5,41.2,D
30.551,-91.314,327.4,1.9,1.3,2020-09-27,1720,T,81,6.0NRT,300.4,45.3,D
30.539,-91.317,315.5,1.9,1.3,2020-09-27,1720,T,45,6.0NRT,300.1,15.8,D
30.527,-91.32,316.8,1.9,1.3,2020-09-27,1720,T,66,6.0NRT,300.4,18,D
30.845,-93.253,317.9,1.4,1.2,2020-09-27,1720,T,70,6.0NRT,300.6,15.5,D
31.471,-100.817,347.4,1.2,1.1,2020-09-27,1720,T,92,6.0NRT,310,61.6,D
31.47,-100.804,333.7,1.2,1.1,2020-09-27,1720,T,79,6.0NRT,308.9,29.8,D
29.79,-94.883,314.1,1.2,1.1,2020-09-27,1720,T,51,6.0NRT,301,6.3,D
25.161,-97.827,321.7,1,1,2020-09-27,1720,T,59,6.0NRT,304.4,8.5,D
25.256,-99.382,319.6,1,1,2020-09-27,1720,T,61,6.0NRT,307.4,6.2,D
25.329,-99.958,339.5,1,1,2020-09-27,1720,T,88,6.0NRT,306.8,35.7,D
25.328,-99.948,324.8,1,1,2020-09-27,1720,T,72,6.0NRT,305.2,15.1,D
23.66,-97.854,315.4,1.1,1,2020-09-27,1720,T,53,6.0NRT,302,5.7,D
23.659,-97.843,315.4,1.1,1,2020-09-27,1720,T,54,6.0NRT,301.9,5.7,D
23.447,-98.03,314.9,1,1,2020-09-27,1720,T,56,6.0NRT,302.3,5.8,D
23.821,-106.663,319.5,2.4,1.5,2020-09-27,1720,T,51,6.0NRT,299,30.2,D
20.746,-97.269,325.6,1.2,1.1,2020-09-27,1720,T,78,6.0NRT,297.3,20.1,D
20.744,-97.257,315.7,1.2,1.1,2020-09-27,1720,T,60,6.0NRT,297.2,7.1,D
20.793,-98.13,313.3,1.1,1,2020-09-27,1720,T,60,6.0NRT,297.1,6.5,D
19.562,-92.229,316,2.8,1.6,2020-09-27,1720,T,65,6.0NRT,290.9,46.3,D
19.559,-92.236,318.4,2.8,1.6,2020-09-27,1720,T,69,6.0NRT,291.1,54.1,D
21.015,-101.481,317.5,1.1,1,2020-09-27,1720,T,30,6.0NRT,300.8,6.8,D
20.783,-101.337,317,1,1,2020-09-27,1720,T,47,6.0NRT,301.8,7.1,D
20.172,-98.052,310,1.1,1.1,2020-09-27,1720,T,32,6.0NRT,293.4,6.6,D
20.613,-101.236,319.2,1,1,2020-09-27,1720,T,45,6.0NRT,301.9,8.4,D
19.983,-99.515,313.4,1,1,2020-09-27,1720,T,62,6.0NRT,297.1,6,D
19.452,-96.961,313.8,1.3,1.1,2020-09-27,1720,T,47,6.0NRT,296.6,10.8,D
19.586,-98.56,310.5,1.1,1,2020-09-27,1720,T,42,6.0NRT,296.9,6.1,D
19.487,-98.057,312.5,1.1,1.1,2020-09-27,1720,T,41,6.0NRT,296.8,7.1,D
19.632,-99.149,324.7,1,1,2020-09-27,1720,T,56,6.0NRT,298,11.3,D
19.5,-99.194,321.9,1,1,2020-09-27,1720,T,63,6.0NRT,303.1,7.3,D
18.932,-96.058,308,1.5,1.2,2020-09-27,1720,T,24,6.0NRT,278.9,8.9,D
19.262,-98.201,313,1.1,1.1,2020-09-27,1720,T,62,6.0NRT,293.6,7.7,D
19.278,-98.422,315.2,1.1,1,2020-09-27,1720,T,51,6.0NRT,294.4,7.2,D
19.383,-99.57,316.2,1,1,2020-09-27,1720,T,38,6.0NRT,299,8.5,D
19.161,-98.385,316.6,1.1,1,2020-09-27,1720,T,69,6.0NRT,297.1,9.2,D
19.159,-98.375,313.4,1.1,1,2020-09-27,1720,T,62,6.0NRT,297.8,6.8,D
19.113,-98.239,317.4,1.1,1.1,2020-09-27,1720,T,49,6.0NRT,298,8.9,D
19.295,-99.542,319.9,1,1,2020-09-27,1720,T,37,6.0NRT,299.6,8.7,D
19.079,-98.148,317.5,1.1,1.1,2020-09-27,1720,T,31,6.0NRT,296.1,9.2,D
18.638,-96.217,312.6,1.5,1.2,2020-09-27,1720,T,64,6.0NRT,288.6,8.9,D
17.897,-93.187,319.9,2.5,1.5,2020-09-27,1720,T,72,6.0NRT,286.9,53,D
17.908,-93.522,317.3,2.4,1.5,2020-09-27,1720,T,74,6.0NRT,289,38.2,D
41.174,-106.106,321.9,3.4,1.7,2020-09-27,1715,T,0,6.0NRT,277.5,122.6,D
41.099,-106.413,324.1,3.6,1.8,2020-09-27,1715,T,54,6.0NRT,284.4,139.4,D
41.079,-106.327,328.5,3.5,1.8,2020-09-27,1715,T,49,6.0NRT,275.5,157,D
37.826,-89.798,312.7,1.6,1.2,2020-09-27,1715,T,48,6.0NRT,295.8,12.3,D
37.812,-89.784,353.9,1.6,1.2,2020-09-27,1715,T,97,6.0NRT,299.6,131.2,D
37.342,-91.798,313.9,1.3,1.1,2020-09-27,1715,T,57,6.0NRT,299.4,10.1,D
36.811,-91.895,312.9,1.3,1.1,2020-09-27,1715,T,63,6.0NRT,299.3,9.2,D
36.784,-94.001,320.7,1.1,1,2020-09-27,1715,T,75,6.0NRT,301.5,10.9,D
36.06,-91.042,326.7,1.5,1.2,2020-09-27,1715,T,82,6.0NRT,299.5,33.2,D
36.057,-91.026,311.8,1.5,1.2,2020-09-27,1715,T,63,6.0NRT,298.8,8.7,D
36.425,-94.588,313.6,1,1,2020-09-27,1715,T,62,6.0NRT,298.6,4.9,D
36.286,-94.704,310.4,1,1,2020-09-27,1715,T,51,6.0NRT,297.1,4.6,D
36.156,-94.934,310.4,1,1,2020-09-27,1715,T,59,6.0NRT,296.4,5.8,D
36.097,-94.68,311.3,1,1,2020-09-27,1715,T,63,6.0NRT,297.4,5.6,D
36.095,-94.668,310.6,1,1,2020-09-27,1715,T,59,6.0NRT,296.7,4.9,D
35.972,-94.479,311.5,1.1,1,2020-09-27,1715,T,64,6.0NRT,296.6,6.3,D
33.119,-98.603,318.9,1.1,1,2020-09-27,1715,T,61,6.0NRT,302.8,8.9,D
32.356,-96.075,313.6,1,1,2020-09-27,1715,T,61,6.0NRT,298,6.4,D
26.657,-80.531,315.2,1.2,1.1,2020-09-27,1850,A,34,6.0NRT,295.2,7,D
26.685,-81.227,323.2,1.1,1.1,2020-09-27,1850,A,65,6.0NRT,304,13.7,D
29.947,-90.194,314.3,1.7,1.3,2020-09-27,1850,A,0,6.0NRT,298.3,9.7,D
46.335,-118.236,319,1,1,2020-09-27,1850,T,67,6.0NRT,297.2,10.6,D
46.333,-118.224,316.6,1,1,2020-09-27,1850,T,51,6.0NRT,296.8,8.1,D
46.326,-118.239,321.2,1,1,2020-09-27,1850,T,75,6.0NRT,299.2,12.7,D
46.234,-118.178,351,1,1,2020-09-27,1850,T,96,6.0NRT,299.3,59.2,D
46.232,-118.165,343.6,1,1,2020-09-27,1850,T,93,6.0NRT,297.9,44,D
46.227,-118.193,314.1,1,1,2020-09-27,1850,T,62,6.0NRT,296.8,6.9,D
46.225,-118.181,350.5,1,1,2020-09-27,1850,T,96,6.0NRT,298.9,58.6,D
46.224,-118.168,317.1,1,1,2020-09-27,1850,T,73,6.0NRT,298.4,9.1,D
45.726,-118.308,305.5,1,1,2020-09-27,1855,T,30,6.0NRT,293.1,6.5,D
41.902,-123.349,310.9,1.3,1.1,2020-09-27,1855,T,61,6.0NRT,294,11.7,D
41.193,-123.271,316.7,1.3,1.1,2020-09-27,1855,T,73,6.0NRT,296.2,16,D
41.171,-123.258,308.2,1.3,1.1,2020-09-27,1855,T,21,6.0NRT,294.9,6.4,D
41.126,-123.311,318.4,1.3,1.1,2020-09-27,1855,T,69,6.0NRT,296.2,15.8,D
41.124,-123.294,328.3,1.3,1.1,2020-09-27,1855,T,84,6.0NRT,296.2,31.6,D
41.125,-123.301,327.6,1.3,1.1,2020-09-27,1855,T,66,6.0NRT,296.5,27.2,D
41.116,-123.304,327.4,1.3,1.1,2020-09-27,1855,T,47,6.0NRT,297.7,25.9,D
41.106,-123.307,324,1.3,1.1,2020-09-27,1855,T,67,6.0NRT,299.8,22.3,D
41.087,-123.508,318.3,1.3,1.1,2020-09-27,1855,T,60,6.0NRT,296.9,17.5,D
41.086,-123.492,345,1.3,1.1,2020-09-27,1855,T,93,6.0NRT,301.9,69,D
41.064,-123.301,316.3,1.3,1.1,2020-09-27,1855,T,16,6.0NRT,298.8,12.6,D
41.046,-123.319,326.5,1.3,1.1,2020-09-27,1855,T,82,6.0NRT,296.6,27.6,D
41.02,-123.45,321.7,1.3,1.1,2020-09-27,1855,T,71,6.0NRT,298.7,20.6,D
40.374,-123.305,322.1,1.2,1.1,2020-09-27,1855,T,60,6.0NRT,300,20.1,D
40.372,-123.29,339.8,1.2,1.1,2020-09-27,1855,T,90,6.0NRT,299.9,51.8,D
40.36,-123.186,313.8,1.2,1.1,2020-09-27,1855,T,45,6.0NRT,298.8,9.8,D
40.362,-123.291,327.5,1.2,1.1,2020-09-27,1855,T,71,6.0NRT,297.2,27.3,D
40.35,-123.189,378.9,1.2,1.1,2020-09-27,1855,T,100,6.0NRT,303.2,190,D
40.349,-123.175,326.4,1.2,1.1,2020-09-27,1855,T,21,6.0NRT,298.4,22.4,D
40.342,-123.206,388,1.2,1.1,2020-09-27,1855,T,100,6.0NRT,305.8,242.2,D
40.341,-123.192,332.6,1.2,1.1,2020-09-27,1855,T,85,6.0NRT,300.4,32.2,D
40.337,-123.162,342.6,1.2,1.1,2020-09-27,1855,T,70,6.0NRT,300.2,52.1,D
40.331,-123.194,321.9,1.2,1.1,2020-09-27,1855,T,73,6.0NRT,298.1,17.1,D
40.329,-123.179,334.7,1.2,1.1,2020-09-27,1855,T,86,6.0NRT,299,36.2,D
40.327,-123.165,374,1.2,1.1,2020-09-27,1855,T,100,6.0NRT,301.8,163,D
40.326,-123.15,324.4,1.2,1.1,2020-09-27,1855,T,58,6.0NRT,297.4,20.5,D
40.316,-123.151,388.4,1.2,1.1,2020-09-27,1855,T,100,6.0NRT,302.9,241,D
40.314,-123.137,472.1,1.2,1.1,2020-09-27,1855,T,100,6.0NRT,333.9,1366.1,D
40.313,-123.123,395.7,1.2,1.1,2020-09-27,1855,T,100,6.0NRT,310.1,290.7,D
40.306,-123.154,387.1,1.2,1.1,2020-09-27,1855,T,100,6.0NRT,307.4,231.6,D
40.305,-123.139,399.4,1.2,1.1,2020-09-27,1855,T,100,6.0NRT,310.9,318.5,D
40.297,-123.157,383,1.2,1.1,2020-09-27,1855,T,100,6.0NRT,303.7,209.4,D
40.295,-123.142,358.8,1.2,1.1,2020-09-27,1855,T,99,6.0NRT,299.7,98.3,D
40.274,-123.153,350,1.2,1.1,2020-09-27,1855,T,95,6.0NRT,301.1,74.5,D
40.265,-123.156,321.1,1.2,1.1,2020-09-27,1855,T,43,6.0NRT,297.7,18.7,D
40.107,-123.018,320.4,1.2,1.1,2020-09-27,1855,T,71,6.0NRT,299.1,16.1,D
40.103,-122.976,315.9,1.2,1.1,2020-09-27,1855,T,62,6.0NRT,297.7,11.1,D
40.098,-123.019,375,1.2,1.1,2020-09-27,1855,T,100,6.0NRT,302.3,164.7,D
40.096,-123.005,326.7,1.2,1.1,2020-09-27,1855,T,78,6.0NRT,297.9,23.4,D
40.088,-122.937,314.9,1.2,1.1,2020-09-27,1855,T,33,6.0NRT,302.1,8.8,D
39.88,-121.269,322.8,1,1,2020-09-27,1855,T,54,6.0NRT,295.7,17.9,D
39.879,-121.257,321.5,1,1,2020-09-27,1855,T,49,6.0NRT,295.6,16.5,D
39.871,-121.271,349.6,1,1,2020-09-27,1855,T,95,6.0NRT,296.7,59.9,D
39.864,-121.278,312.7,1,1,2020-09-27,1855,T,35,6.0NRT,295.1,8.6,D
39.862,-121.266,318.5,1,1,2020-09-27,1855,T,62,6.0NRT,295.8,13.7,D
40.087,-123.113,364.3,1.2,1.1,2020-09-27,1855,T,100,6.0NRT,303,116.2,D
40.082,-123.071,406.9,1.2,1.1,2020-09-27,1855,T,100,6.0NRT,311.2,373.3,D
40.08,-123.057,409,1.2,1.1,2020-09-27,1855,T,100,6.0NRT,313.1,391,D
40.075,-123.015,334.2,1.2,1.1,2020-09-27,1855,T,58,6.0NRT,299,31.6,D
40.073,-123,331.2,1.2,1.1,2020-09-27,1855,T,43,6.0NRT,299.9,26.5,D
40.062,-122.906,356.6,1.2,1.1,2020-09-27,1855,T,98,6.0NRT,300.3,89.4,D
40.06,-122.892,327.3,1.2,1.1,2020-09-27,1855,T,74,6.0NRT,299.2,23.9,D
40.079,-123.13,325,1.2,1.1,2020-09-27,1855,T,37,6.0NRT,298.5,18.1,D
40.077,-123.115,411.3,1.2,1.1,2020-09-27,1855,T,100,6.0NRT,313,415.9,D
40.075,-123.101,348.2,1.2,1.1,2020-09-27,1855,T,94,6.0NRT,300.7,61.2,D
40.072,-123.074,337.3,1.2,1.1,2020-09-27,1855,T,87,6.0NRT,300.1,36.8,D
40.07,-123.06,361.7,1.2,1.1,2020-09-27,1855,T,100,6.0NRT,303.3,103.4,D
40.052,-122.907,349.8,1.2,1.1,2020-09-27,1855,T,95,6.0NRT,298.1,68.4,D
40.05,-122.893,346.6,1.2,1.1,2020-09-27,1855,T,93,6.0NRT,300.1,60.5,D
39.844,-121.27,344.4,1,1,2020-09-27,1855,T,92,6.0NRT,299.2,48.8,D
39.797,-120.926,318.6,1,1,2020-09-27,1855,T,46,6.0NRT,299.4,11.2,D
39.796,-120.914,343.4,1,1,2020-09-27,1855,T,91,6.0NRT,298.9,46,D
40.074,-123.174,337,1.2,1.1,2020-09-27,1855,T,87,6.0NRT,300.1,40,D
40.072,-123.16,370.3,1.2,1.1,2020-09-27,1855,T,100,6.0NRT,306.3,142.9,D
40.071,-123.146,370.3,1.2,1.1,2020-09-27,1855,T,100,6.0NRT,304.6,141,D
40.049,-122.963,315.6,1.2,1.1,2020-09-27,1855,T,40,6.0NRT,297.4,9,D
40.044,-122.922,359.9,1.2,1.1,2020-09-27,1855,T,99,6.0NRT,300.1,99.2,D
40.042,-122.908,406.3,1.2,1.1,2020-09-27,1855,T,100,6.0NRT,306.9,362.2,D
40.041,-122.894,363.9,1.2,1.1,2020-09-27,1855,T,100,6.0NRT,300.6,114.2,D
39.819,-121.153,326.5,1,1,2020-09-27,1855,T,78,6.0NRT,296.6,20.8,D
39.817,-121.141,316.4,1,1,2020-09-27,1855,T,56,6.0NRT,297.1,10.1,D
40.066,-123.19,343.1,1.2,1.1,2020-09-27,1855,T,91,6.0NRT,303.3,52.8,D
40.064,-123.175,437.7,1.2,1.1,2020-09-27,1855,T,100,6.0NRT,323.2,733,D
40.062,-123.161,472.5,1.2,1.1,2020-09-27,1855,T,100,6.0NRT,333.9,1367.9,D
40.061,-123.147,380.4,1.2,1.1,2020-09-27,1855,T,100,6.0NRT,303.4,191.4,D
40.058,-123.119,330.5,1.2,1.1,2020-09-27,1855,T,57,6.0NRT,297.7,26.2,D
40.054,-123.092,365.3,1.2,1.1,2020-09-27,1855,T,100,6.0NRT,308.3,118.7,D
40.053,-123.078,364.3,1.2,1.1,2020-09-27,1855,T,100,6.0NRT,307.7,115.2,D
40.035,-122.925,333.5,1.2,1.1,2020-09-27,1855,T,83,6.0NRT,297.3,33.4,D
40.033,-122.911,318,1.2,1.1,2020-09-27,1855,T,42,6.0NRT,296.1,11.7,D
39.828,-121.286,339.5,1,1,2020-09-27,1855,T,89,6.0NRT,297.3,40.7,D
39.82,-121.226,350.2,1,1,2020-09-27,1855,T,90,6.0NRT,297.4,56.6,D
39.818,-121.214,360.9,1,1,2020-09-27,1855,T,100,6.0NRT,299.4,82.8,D
39.816,-121.202,372.4,1,1,2020-09-27,1855,T,100,6.0NRT,301.3,120.3,D
40.056,-123.193,355.8,1.2,1.1,2020-09-27,1855,T,98,6.0NRT,303.9,88.4,D
40.054,-123.177,429.1,1.2,1.1,2020-09-27,1855,T,100,6.0NRT,318.2,618.2,D
40.053,-123.163,379.6,1.2,1.1,2020-09-27,1855,T,100,6.0NRT,301.8,191.7,D
40.048,-123.122,321.6,1.2,1.1,2020-09-27,1855,T,64,6.0NRT,296.3,17.4,D
40.046,-123.107,326.7,1.2,1.1,2020-09-27,1855,T,71,6.0NRT,298.2,23.4,D
40.045,-123.093,364.3,1.2,1.1,2020-09-27,1855,T,100,6.0NRT,303.3,117.2,D
40.043,-123.08,337.5,1.2,1.1,2020-09-27,1855,T,88,6.0NRT,302.2,40.3,D
40.035,-123.009,333,1.2,1.1,2020-09-27,1855,T,64,6.0NRT,297.5,29.8,D
40.033,-122.995,338.1,1.2,1.1,2020-09-27,1855,T,88,6.0NRT,297.4,39.1,D
40.031,-122.981,331,1.2,1.1,2020-09-27,1855,T,82,6.0NRT,296.1,27.4,D
40.048,-123.209,333.2,1.2,1.1,2020-09-27,1855,T,84,6.0NRT,298.4,32.8,D
40.046,-123.194,386,1.2,1.1,2020-09-27,1855,T,100,6.0NRT,307.3,226.9,D
40.045,-123.179,384.4,1.2,1.1,2020-09-27,1855,T,100,6.0NRT,304.1,216.8,D
40.023,-122.996,343.3,1.2,1.1,2020-09-27,1855,T,91,6.0NRT,299.4,52.7,D
40.017,-122.941,319.4,1.2,1.1,2020-09-27,1855,T,50,6.0NRT,297.4,13.6,D
39.8,-121.218,341.5,1,1,2020-09-27,1855,T,90,6.0NRT,297.1,41.4,D
39.798,-121.206,319.9,1,1,2020-09-27,1855,T,21,6.0NRT,295.4,9.7,D
40.038,-123.211,317.6,1.2,1.1,2020-09-27,1855,T,48,6.0NRT,298.4,11.4,D
40.037,-123.196,337.6,1.2,1.1,2020-09-27,1855,T,88,6.0NRT,301,43.8,D
40.02,-123.229,359.4,1.2,1.1,2020-09-27,1855,T,99,6.0NRT,302.4,105.4,D
40.019,-123.215,339.8,1.2,1.1,2020-09-27,1855,T,89,6.0NRT,302.4,49,D
40.02,-123.236,325.7,1.2,1.1,2020-09-27,1855,T,76,6.0NRT,298.8,25.3,D
40.018,-123.222,352.7,1.2,1.1,2020-09-27,1855,T,96,6.0NRT,303.6,83.6,D
39.941,-123.076,324.6,1.2,1.1,2020-09-27,1855,T,75,6.0NRT,301.2,21.8,D
39.94,-123.063,357,1.2,1.1,2020-09-27,1855,T,98,6.0NRT,306.4,93.8,D
39.938,-123.051,326.7,1.2,1.1,2020-09-27,1855,T,78,6.0NRT,302.6,22.7,D
39.838,-122.976,319.4,1.2,1.1,2020-09-27,1855,T,27,6.0NRT,304.9,11.1,D
39.702,-123.046,370.6,1.2,1.1,2020-09-27,1855,T,100,6.0NRT,312.9,137.1,D
39.701,-123.032,330,1.2,1.1,2020-09-27,1855,T,80,6.0NRT,310.9,21.4,D
39.531,-122.957,319.6,1.2,1.1,2020-09-27,1855,T,51,6.0NRT,302.6,11.6,D
39.53,-122.944,332.3,1.2,1.1,2020-09-27,1855,T,83,6.0NRT,302.8,28.9,D
39.527,-122.95,340.6,1.2,1.1,2020-09-27,1855,T,89,6.0NRT,304.9,43.7,D
39.525,-122.936,317.6,1.2,1.1,2020-09-27,1855,T,31,6.0NRT,302.5,6.6,D
39.516,-122.939,325.3,1.2,1.1,2020-09-27,1855,T,76,6.0NRT,304.4,16.3,D
38.588,-122.497,347.7,1.1,1,2020-09-27,1855,T,93,6.0NRT,308.8,53.8,D
38.586,-122.484,410.9,1.1,1,2020-09-27,1855,T,100,6.0NRT,317.9,359.9,D
38.584,-122.472,321.6,1.1,1,2020-09-27,1855,T,39,6.0NRT,306.9,10.5,D
38.58,-122.512,323.5,1.1,1,2020-09-27,1855,T,64,6.0NRT,306.5,12.3,D
38.578,-122.499,407.8,1.1,1,2020-09-27,1855,T,94,6.0NRT,320.7,335.4,D
38.577,-122.486,436.7,1.1,1,2020-09-27,1855,T,87,6.0NRT,329.6,620.1,D
38.575,-122.474,385.2,1.1,1,2020-09-27,1855,T,87,6.0NRT,315.1,188.3,D
38.574,-122.461,318.8,1.1,1,2020-09-27,1855,T,17,6.0NRT,306.3,7,D
38.571,-122.514,338.2,1.1,1,2020-09-27,1855,T,83,6.0NRT,304.7,32.6,D
38.569,-122.502,370.4,1.1,1,2020-09-27,1855,T,87,6.0NRT,308.6,118.9,D
38.56,-122.504,364,1.1,1,2020-09-27,1855,T,87,6.0NRT,305.4,98,D
38.553,-122.498,335.3,1.1,1,2020-09-27,1855,T,84,6.0NRT,305.1,30.2,D
38.552,-122.486,324.8,1.1,1,2020-09-27,1855,T,53,6.0NRT,305.8,13.3,D
37.851,-119.603,326.7,1,1,2020-09-27,1855,T,78,6.0NRT,303.7,18.3,D
37.849,-119.592,319.1,1,1,2020-09-27,1855,T,43,6.0NRT,302.7,10.5,D
37.563,-119.299,336.3,1,1,2020-09-27,1855,T,70,6.0NRT,303.7,28.4,D
37.53,-119.206,347.7,1,1,2020-09-27,1855,T,94,6.0NRT,305.3,50.7,D
37.537,-119.311,334,1,1,2020-09-27,1855,T,75,6.0NRT,305.8,25.4,D
37.521,-119.208,323,1,1,2020-09-27,1855,T,57,6.0NRT,304,13.2,D
37.53,-119.325,331.2,1,1,2020-09-27,1855,T,55,6.0NRT,302.4,21.1,D
37.523,-119.339,356.2,1,1,2020-09-27,1855,T,98,6.0NRT,303.1,69.2,D
37.521,-119.327,356.6,1,1,2020-09-27,1855,T,98,6.0NRT,308.2,69.6,D
37.518,-119.363,317.6,1,1,2020-09-27,1855,T,33,6.0NRT,300.1,7.9,D
37.514,-119.341,331.2,1,1,2020-09-27,1855,T,82,6.0NRT,304.1,21.7,D
37.512,-119.329,329.3,1,1,2020-09-27,1855,T,75,6.0NRT,302.8,18.1,D
37.489,-119.24,335.7,1,1,2020-09-27,1855,T,86,6.0NRT,305.3,27,D
37.487,-119.228,341.2,1,1,2020-09-27,1855,T,90,6.0NRT,305.9,37.1,D
37.48,-119.242,322.3,1,1,2020-09-27,1855,T,56,6.0NRT,304.4,10.6,D
37.427,-119.378,316,1,1,2020-09-27,1855,T,29,6.0NRT,303.8,5,D
37.42,-119.451,323.2,1,1,2020-09-27,1855,T,67,6.0NRT,301.4,13.9,D
37.358,-119.113,320.8,1,1,2020-09-27,1855,T,68,6.0NRT,299.7,12.3,D
37.347,-119.216,324.8,1,1,2020-09-27,1855,T,61,6.0NRT,299.4,17.2,D
37.341,-119.183,328.1,1,1,2020-09-27,1855,T,75,6.0NRT,296.2,22.5,D
37.339,-119.172,318.8,1,1,2020-09-27,1855,T,25,6.0NRT,294.9,12.2,D
37.334,-119.138,349.1,1,1,2020-09-27,1855,T,94,6.0NRT,296.9,59.1,D
37.332,-119.126,359.9,1,1,2020-09-27,1855,T,99,6.0NRT,299.8,85.3,D
37.327,-119.092,330,1,1,2020-09-27,1855,T,45,6.0NRT,298.3,24.7,D
37.323,-119.069,317.2,1,1,2020-09-27,1855,T,30,6.0NRT,296.2,11.9,D
37.321,-119.057,354.5,1,1,2020-09-27,1855,T,97,6.0NRT,301,72.8,D
37.32,-119.046,331.1,1,1,2020-09-27,1855,T,82,6.0NRT,296.3,28,D
37.32,-119.106,315.2,1,1,2020-09-27,1855,T,23,6.0NRT,293.3,10.1,D
37.316,-119.083,325.8,1,1,2020-09-27,1855,T,44,6.0NRT,294.3,20,D
37.298,-119.44,320.3,1,1,2020-09-27,1855,T,57,6.0NRT,299.8,12,D
37.29,-119.448,320.4,1,1,2020-09-27,1855,T,64,6.0NRT,300.9,11.4,D
37.288,-119.437,318.1,1,1,2020-09-27,1855,T,56,6.0NRT,300.5,8.5,D
37.281,-119.45,325.7,1,1,2020-09-27,1855,T,47,6.0NRT,302,15.8,D
37.28,-119.439,329.4,1,1,2020-09-27,1855,T,71,6.0NRT,301.2,19.8,D
37.271,-119.441,329.1,1,1,2020-09-27,1855,T,77,6.0NRT,301.9,19.9,D
37.262,-119.443,319.4,1,1,2020-09-27,1855,T,65,6.0NRT,300.6,9.9,D
37.219,-119.231,331.6,1,1,2020-09-27,1855,T,66,6.0NRT,302.9,22.4,D
37.217,-119.219,343.6,1,1,2020-09-27,1855,T,86,6.0NRT,301,44.4,D
37.215,-119.208,315.7,1,1,2020-09-27,1855,T,39,6.0NRT,297,7.8,D
37.14,-119.027,319,1,1,2020-09-27,1855,T,63,6.0NRT,300.2,12.4,D
36.48,-118.401,315.4,1.1,1,2020-09-27,1855,T,34,6.0NRT,294.7,9.3,D
36.474,-118.408,318.6,1.1,1,2020-09-27,1855,T,60,6.0NRT,298.9,12.8,D
36.341,-118.724,320.7,1.1,1,2020-09-27,1855,T,64,6.0NRT,294.2,17.6,D
36.339,-118.713,316.2,1.1,1,2020-09-27,1855,T,18,6.0NRT,293.1,11.4,D
36.319,-118.767,333.9,1.1,1,2020-09-27,1855,T,68,6.0NRT,296.1,30.6,D
36.304,-118.674,352,1.1,1,2020-09-27,1855,T,96,6.0NRT,300.3,68,D
36.31,-118.769,350.2,1.1,1,2020-09-27,1855,T,95,6.0NRT,299,61.5,D
36.295,-118.677,357.6,1.1,1,2020-09-27,1855,T,98,6.0NRT,302.2,82.7,D
36.293,-118.664,329.6,1.1,1,2020-09-27,1855,T,66,6.0NRT,297.3,24.9,D
36.286,-118.679,354.1,1.1,1,2020-09-27,1855,T,97,6.0NRT,298,72.5,D
36.284,-118.666,344.8,1.1,1,2020-09-27,1855,T,91,6.0NRT,296.9,51.1,D
33.946,-111.798,322.9,2.9,1.6,2020-09-27,1855,T,38,6.0NRT,307.1,39.3,D
34.256,-118.09,324.3,1.2,1.1,2020-09-27,1855,T,62,6.0NRT,305.8,17.9,D
30.535,-89.461,312,1.5,1.2,2020-09-27,1855,A,57,6.0NRT,298.6,10.2,D
30.287,-91.267,316.5,2,1.4,2020-09-27,1855,A,54,6.0NRT,301.2,19.9,D
30.934,-88.014,313.7,1.2,1.1,2020-09-27,1855,A,61,6.0NRT,302.3,8.5,D
30.374,-91.422,312.7,2,1.4,2020-09-27,1855,A,61,6.0NRT,300.5,18.9,D
30.478,-91.5,322.1,2,1.4,2020-09-27,1855,A,76,6.0NRT,300.9,35.2,D
30.484,-91.485,314.6,2,1.4,2020-09-27,1855,A,49,6.0NRT,299.5,17.5,D
30.48,-91.505,340.8,2,1.4,2020-09-27,1855,A,91,6.0NRT,301.7,105.3,D
30.532,-91.308,325.8,2,1.4,2020-09-27,1855,A,76,6.0NRT,300.7,46.2,D
30.492,-91.509,313.4,2,1.4,2020-09-27,1855,A,43,6.0NRT,299.1,13.3,D
30.548,-91.417,321.5,2,1.4,2020-09-27,1855,A,76,6.0NRT,299.2,35.6,D
30.576,-91.56,323.4,2,1.4,2020-09-27,1855,A,78,6.0NRT,301.6,39.8,D
30.571,-91.58,317.9,2,1.4,2020-09-27,1855,A,66,6.0NRT,300.6,24.5,D
30.64,-91.621,317.5,2,1.4,2020-09-27,1855,A,32,6.0NRT,301.6,24.9,D
30.636,-91.642,318.1,2,1.4,2020-09-27,1855,A,40,6.0NRT,301,26.7,D
30.642,-91.626,319.9,2,1.4,2020-09-27,1855,A,71,6.0NRT,301.5,33.3,D
30.638,-91.647,313.4,2,1.4,2020-09-27,1855,A,29,6.0NRT,300.5,17.1,D
30.858,-91.393,309.9,1.9,1.4,2020-09-27,1855,A,52,6.0NRT,297.9,12.7,D
30.815,-91.615,331.1,2,1.4,2020-09-27,1855,A,84,6.0NRT,300.6,64,D
30.811,-91.636,328.3,2,1.4,2020-09-27,1855,A,82,6.0NRT,301.2,55,D
30.817,-91.621,338.5,2,1.4,2020-09-27,1855,A,89,6.0NRT,300.5,93.2,D
30.813,-91.641,319.3,2,1.4,2020-09-27,1855,A,63,6.0NRT,300.5,26.8,D
34.187,-86.45,307.9,1,1,2020-09-27,1855,A,49,6.0NRT,296.6,4,D
34.185,-86.461,307.9,1,1,2020-09-27,1855,A,50,6.0NRT,296.4,4.1,D
35.44,-90.45,318.7,1.4,1.2,2020-09-27,1855,A,73,6.0NRT,298.7,16.7,D
35.438,-90.465,310.2,1.4,1.2,2020-09-27,1855,A,57,6.0NRT,297.4,5.7,D
35.568,-90.491,312.6,1.4,1.2,2020-09-27,1855,A,48,6.0NRT,297.7,9.7,D
35.938,-90.449,321.1,1.3,1.1,2020-09-27,1855,A,76,6.0NRT,300.8,19.2,D
35.948,-90.452,313.5,1.3,1.1,2020-09-27,1855,A,46,6.0NRT,296,7.8,D
35.909,-90.999,314,1.4,1.2,2020-09-27,1855,A,60,6.0NRT,298.1,10.1,D
35.906,-91.015,312.2,1.4,1.2,2020-09-27,1855,A,36,6.0NRT,298.5,7.9,D
36.036,-90.422,318.2,1.3,1.1,2020-09-27,1855,A,52,6.0NRT,298.6,16.1,D
36.167,-89.858,316.5,1.2,1.1,2020-09-27,1855,A,70,6.0NRT,297.5,10.9,D
36.165,-89.872,324.2,1.2,1.1,2020-09-27,1855,A,79,6.0NRT,301.7,21.5,D
36.174,-89.937,323.1,1.3,1.1,2020-09-27,1855,A,78,6.0NRT,301.5,20.3,D
36.051,-90.788,337.6,1.4,1.2,2020-09-27,1855,A,89,6.0NRT,300.5,53.1,D
36.049,-90.803,328.6,1.4,1.2,2020-09-27,1855,A,83,6.0NRT,298.6,33,D
36.062,-90.791,322.4,1.4,1.2,2020-09-27,1855,A,78,6.0NRT,298.9,22.9,D
36.059,-90.806,317.2,1.4,1.2,2020-09-27,1855,A,72,6.0NRT,298.2,14.8,D
36.136,-90.662,315,1.4,1.2,2020-09-27,1855,A,58,6.0NRT,295.1,11.6,D
36.326,-89.662,322.5,1.2,1.1,2020-09-27,1855,A,77,6.0NRT,299.7,21.5,D
36.367,-90.131,314.8,1.3,1.1,2020-09-27,1855,A,59,6.0NRT,296.6,10.4,D
36.334,-90.432,315.4,1.3,1.1,2020-09-27,1855,A,69,6.0NRT,300.5,12.7,D
36.357,-90.705,313.2,1.4,1.2,2020-09-27,1855,A,31,6.0NRT,299,8.7,D
36.355,-90.72,313.4,1.4,1.2,2020-09-27,1855,A,37,6.0NRT,300.2,9.2,D
36.47,-90.313,369.1,1.3,1.1,2020-09-27,1855,A,100,6.0NRT,305.2,152.8,D
36.467,-90.327,360.2,1.3,1.1,2020-09-27,1855,A,100,6.0NRT,303.2,114.4,D
36.468,-90.317,363.6,1.3,1.1,2020-09-27,1855,A,100,6.0NRT,307,128.3,D
36.465,-90.332,327.9,1.3,1.1,2020-09-27,1855,A,69,6.0NRT,300.5,25.3,D
36.475,-90.334,322.4,1.3,1.1,2020-09-27,1855,A,75,6.0NRT,294.9,17.9,D
36.473,-90.635,324.5,1.3,1.1,2020-09-27,1855,A,80,6.0NRT,299.9,25,D
36.471,-90.65,312.4,1.3,1.1,2020-09-27,1855,A,63,6.0NRT,299.2,7.4,D
36.493,-90.703,314.8,1.4,1.2,2020-09-27,1855,A,33,6.0NRT,300.9,10.5,D
36.503,-90.696,331.5,1.3,1.2,2020-09-27,1855,A,85,6.0NRT,301.3,37.5,D
36.5,-90.711,315.9,1.4,1.2,2020-09-27,1855,A,44,6.0NRT,299.1,11.9,D
36.751,-89.354,323.4,1.2,1.1,2020-09-27,1855,A,79,6.0NRT,297.5,19.5,D
36.783,-90.054,314.1,1.2,1.1,2020-09-27,1855,A,63,6.0NRT,293.5,10.9,D
36.977,-89.294,336.3,1.1,1.1,2020-09-27,1855,A,84,6.0NRT,295.2,39.8,D
36.986,-89.296,310,1.1,1.1,2020-09-27,1855,A,24,6.0NRT,290.6,5.8,D
37.173,-89.891,308.6,1.2,1.1,2020-09-27,1855,A,47,6.0NRT,293.4,6.5,D
37.171,-89.904,323.1,1.2,1.1,2020-09-27,1855,A,79,6.0NRT,294.8,22.9,D
37.494,-89.416,314.4,1.1,1.1,2020-09-27,1855,A,58,6.0NRT,296,10.2,D
43.646,-96.553,311.1,1.9,1.4,2020-09-27,1855,A,71,6.0NRT,293.9,20.4,D
